[2026-07-20 12:58:21] Status: SUCCESS | To: ahilcicillin@gmail.com | Subject: Welcome to Backend Institutions!
[2026-07-20 13:06:25] Status: SUCCESS | To: ahilcicillin@gmail.com | Subject: Welcome to Backend Institutions!
[2026-07-20 13:16:48] Status: SUCCESS | To: ahilcicillin@gmail.com | Subject: Welcome to Backend Institutions!
[2026-07-20 14:59:10] Status: SUCCESS | To: ahilcicillin@gmail.com | Subject: Welcome to Backend Institutions!
[2026-07-20 18:03:04] Status: SUCCESS | To: ahilcicimllin@gmail.com | Subject: Welcome to Backend Institutions!
[2026-07-20 18:03:04] Status: SUCCESS | To: ahilcicimllin@gmail.com | Subject: Welcome to Backend Institutions!
[2026-07-20 18:04:14] Status: SUCCESS | To: ahilcicillin@gmail.com | Subject: Welcome to Backend Institutions!
[2026-07-20 18:04:14] Status: SUCCESS | To: ahilcicillin@gmail.com | Subject: Welcome to Backend Institutions!
[2026-07-20 18:04:51] Status: SUCCESS | To: ahilcicillin@gmail.com | Subject: Sign In Notification
[2026-07-20 18:04:51] Status: SUCCESS | To: ahilcicillin@gmail.com | Subject: Sign In Notification
[2026-07-20 18:37:23] Status: SUCCESS | To: superadmin@example.com | Subject: Sign In Notification
[2026-07-20 18:37:23] Status: SUCCESS | To: superadmin@example.com | Subject: Sign In Notification
[2026-07-20 19:01:14] Status: SUCCESS | To: afa@gmail.com | Subject: Welcome to Backend Institutions!
[2026-07-20 19:01:14] Status: SUCCESS | To: afa@gmail.com | Subject: Welcome to Backend Institutions!
[2026-07-20 19:01:50] Status: SUCCESS | To: afa@gmail.com | Subject: Sign In Notification
[2026-07-20 19:01:50] Status: SUCCESS | To: afa@gmail.com | Subject: Sign In Notification
[2026-07-21 09:38:37] Status: SUCCESS | To: afa@gmail.com | Subject: Sign In Notification
[2026-07-21 09:38:37] Status: SUCCESS | To: afa@gmail.com | Subject: Sign In Notification
[2026-07-21 09:38:55] Status: SUCCESS | To: superadmin@example.com | Subject: Sign In Notification
[2026-07-21 09:38:55] Status: SUCCESS | To: superadmin@example.com | Subject: Sign In Notification
[2026-07-21 10:20:44] Status: SUCCESS | To: dropmsil.smit@gmail.com | Subject: Welcome to Backend Institutions!
[2026-07-21 10:20:44] Status: SUCCESS | To: dropmsil.smit@gmail.com | Subject: Welcome to Backend Institutions!
[2026-07-21 10:33:32] Status: SUCCESS | To: ahilcicillin@gmail.com | Subject: Welcome to Backend Institutions!
[2026-07-21 10:33:32] Status: SUCCESS | To: ahilcicillin@gmail.com | Subject: Welcome to Backend Institutions!
[2026-07-21 10:35:18] Status: SUCCESS | To: dropmail.amit@gmail.com | Subject: Welcome to Backend Institutions!
[2026-07-21 10:35:18] Status: SUCCESS | To: dropmail.amit@gmail.com | Subject: Welcome to Backend Institutions!
[2026-07-21 12:22:31] Status: SUCCESS | To: ahilcicillin@gmail.com | Subject: 
[2026-07-21 12:22:31] Status: SUCCESS | To: ahilcicillin@gmail.com | Subject: 
[2026-07-21 12:31:15] Status: SUCCESS | To: ahilcicillin@gmail.com | Subject: Verify your email - Backend Institutions
[2026-07-21 12:31:15] Status: SUCCESS | To: ahilcicillin@gmail.com | Subject: Verify your email - Backend Institutions
[2026-07-21 12:33:14] Status: SUCCESS | To: adhi.learner@gmail.com | Subject: Verify your email - Backend Institutions
[2026-07-21 12:33:14] Status: SUCCESS | To: adhi.learner@gmail.com | Subject: Verify your email - Backend Institutions
[2026-07-21 12:36:36] Status: SUCCESS | To: adhi.learner@gmail.com | Subject: Verify your email - Backend Institutions
[2026-07-21 12:36:36] Status: SUCCESS | To: adhi.learner@gmail.com | Subject: Verify your email - Backend Institutions
[2026-07-21 12:37:18] Status: SUCCESS | To: adhi.learner@gmail.com | Subject: Verify your email - Backend Institutions
[2026-07-21 12:37:18] Status: SUCCESS | To: adhi.learner@gmail.com | Subject: Verify your email - Backend Institutions
[2026-07-21 13:01:31] Status: SUCCESS | To: ahilcicillin@gmail.com | Subject: Verify your email - Backend Institutions
[2026-07-21 13:01:31] Status: SUCCESS | To: ahilcicillin@gmail.com | Subject: Verify your email - Backend Institutions
[2026-07-21 13:08:59] Status: SUCCESS | To: ahilcicillin@gmail.com | Subject: Verify your email - Backend Institutions
[2026-07-21 13:08:59] Status: SUCCESS | To: ahilcicillin@gmail.com | Subject: Verify your email - Backend Institutions
[2026-07-21 13:10:52] Status: SUCCESS | To: ahilcicillin@gmail.com | Subject: Verify your email - Backend Institutions
[2026-07-21 13:10:52] Status: SUCCESS | To: ahilcicillin@gmail.com | Subject: Verify your email - Backend Institutions
[2026-07-21 13:12:37] Status: SUCCESS | To: ahilcicillin@gmail.com | Subject: Verify your email - Backend Institutions
[2026-07-21 13:12:37] Status: SUCCESS | To: ahilcicillin@gmail.com | Subject: Verify your email - Backend Institutions
[2026-07-21 13:13:59] Status: SUCCESS | To: ahilcicillin@gmail.com | Subject: New Sign-In
[2026-07-21 13:13:59] Status: SUCCESS | To: ahilcicillin@gmail.com | Subject: New Sign-In
[2026-07-21 13:51:48] Status: SUCCESS | To: ahilcicillin@gmail.com | Subject: Verify your email - Backend Institutions
[2026-07-21 13:51:48] Status: SUCCESS | To: ahilcicillin@gmail.com | Subject: Verify your email - Backend Institutions
[2026-07-21 13:53:44] Status: SUCCESS | To: ahilcicillin@gmail.com | Subject: Verify your email - Backend Institutions
[2026-07-21 13:53:44] Status: SUCCESS | To: ahilcicillin@gmail.com | Subject: Verify your email - Backend Institutions
[2026-07-21 13:55:10] Status: SUCCESS | To: ahilcicillin@gmail.com | Subject: Verify your email - Backend Institutions
[2026-07-21 13:55:10] Status: SUCCESS | To: ahilcicillin@gmail.com | Subject: Verify your email - Backend Institutions
[2026-07-21 13:56:21] Status: SUCCESS | To: ahilcicillin@gmail.com | Subject: Verify your email - Backend Institutions
[2026-07-21 13:56:21] Status: SUCCESS | To: ahilcicillin@gmail.com | Subject: Verify your email - Backend Institutions
[2026-07-21 16:04:59] Status: SUCCESS | To: ahilcicillin@gmail.com | Subject: 
[2026-07-21 16:04:59] Status: SUCCESS | To: ahilcicillin@gmail.com | Subject: 
[2026-07-21 16:07:22] Status: SUCCESS | To: ahilcicillin@gmail.com | Subject: 
[2026-07-21 16:07:22] Status: SUCCESS | To: ahilcicillin@gmail.com | Subject: 
[2026-07-21 16:10:05] Status: SUCCESS | To: ahilcicillin@gmail.com | Subject: Verify your email - Backend Institutions
[2026-07-21 16:10:05] Status: SUCCESS | To: ahilcicillin@gmail.com | Subject: Verify your email - Backend Institutions
[2026-07-21 16:11:10] Status: SUCCESS | To: ahilcicillin@gmail.com | Subject: Verify your email - Backend Institutions
[2026-07-21 16:11:10] Status: SUCCESS | To: ahilcicillin@gmail.com | Subject: Verify your email - Backend Institutions
[2026-07-21 17:15:12] Status: SUCCESS | To: ahilcicillin@gmail.com | Subject: Verify your email - Backend Institutions
[2026-07-21 17:15:12] Status: SUCCESS | To: ahilcicillin@gmail.com | Subject: Verify your email - Backend Institutions
[2026-07-22 10:44:45] Status: SUCCESS | To: ahilcicillin@gmail.com | Subject: Verify your email - Backend Institutions
[2026-07-22 10:44:45] Status: SUCCESS | To: ahilcicillin@gmail.com | Subject: Verify your email - Backend Institutions
[2026-07-22 10:45:15] Status: SUCCESS | To: ahilcicillin@gmail.com | Subject: New Sign-In
[2026-07-22 10:45:15] Status: SUCCESS | To: ahilcicillin@gmail.com | Subject: New Sign-In
[2026-07-22 11:17:22] Status: SUCCESS | To: ahilcicillin@gmail.com | Subject: Forgot Password mail
[2026-07-22 11:17:22] Status: SUCCESS | To: ahilcicillin@gmail.com | Subject: Forgot Password mail
[2026-07-22 11:25:11] Status: SUCCESS | To: ahilcicillin@gmail.com | Subject: Forgot Password mail
[2026-07-22 11:25:11] Status: SUCCESS | To: ahilcicillin@gmail.com | Subject: Forgot Password mail
[2026-07-22 11:26:30] Status: SUCCESS | To: ahilcicillin@gmail.com | Subject: Verify your email - Backend Institutions
[2026-07-22 11:26:30] Status: SUCCESS | To: ahilcicillin@gmail.com | Subject: Verify your email - Backend Institutions
[2026-07-22 11:27:03] Status: SUCCESS | To: ahilcicillin@gmail.com | Subject: New Sign-In
[2026-07-22 11:27:03] Status: SUCCESS | To: ahilcicillin@gmail.com | Subject: New Sign-In
[2026-07-22 11:27:12] Status: SUCCESS | To: ahilcicillin@gmail.com | Subject: Forgot Password mail
[2026-07-22 11:27:12] Status: SUCCESS | To: ahilcicillin@gmail.com | Subject: Forgot Password mail
[2026-07-22 11:33:16] Status: SUCCESS | To: ahilcicillin@gmail.com | Subject: Forgot Password mail
[2026-07-22 11:33:16] Status: SUCCESS | To: ahilcicillin@gmail.com | Subject: Forgot Password mail
[2026-07-22 11:37:28] Status: SUCCESS | To: ahilcicillin@gmail.com | Subject: Forgot Password mail
[2026-07-22 11:37:28] Status: SUCCESS | To: ahilcicillin@gmail.com | Subject: Forgot Password mail
[2026-07-22 12:28:35] Status: SUCCESS | To: ahilcicillin@gmail.com | Subject: Forgot Password mail
[2026-07-22 12:28:35] Status: SUCCESS | To: ahilcicillin@gmail.com | Subject: Forgot Password mail
[2026-07-22 12:38:10] Status: SUCCESS | To: ahilcicillin@gmail.com | Subject: Verify your email - Backend Institutions
[2026-07-22 12:38:10] Status: SUCCESS | To: ahilcicillin@gmail.com | Subject: Verify your email - Backend Institutions
[2026-07-22 12:38:38] Status: SUCCESS | To: ahilcicillin@gmail.com | Subject: New Sign-In
[2026-07-22 12:38:38] Status: SUCCESS | To: ahilcicillin@gmail.com | Subject: New Sign-In
[2026-07-22 12:38:43] Status: SUCCESS | To: ahilcicillin@gmail.com | Subject: Forgot Password mail
[2026-07-22 12:38:43] Status: SUCCESS | To: ahilcicillin@gmail.com | Subject: Forgot Password mail
[2026-07-22 13:38:59] Status: SUCCESS | To: ahilcicillin@gmail.com | Subject: Verify your email - Backend Institutions
[2026-07-22 13:38:59] Status: SUCCESS | To: ahilcicillin@gmail.com | Subject: Verify your email - Backend Institutions
[2026-07-22 13:39:29] Status: SUCCESS | To: ahilcicillin@gmail.com | Subject: New Sign-In
[2026-07-22 13:39:29] Status: SUCCESS | To: ahilcicillin@gmail.com | Subject: New Sign-In
[2026-07-22 13:39:52] Status: SUCCESS | To: ahilcicillin@gmail.com | Subject: Forgot Password mail
[2026-07-22 13:39:52] Status: SUCCESS | To: ahilcicillin@gmail.com | Subject: Forgot Password mail
[2026-07-22 13:55:23] Status: SUCCESS | To: ahilcicillin@gmail.com | Subject: Forgot Password mail
[2026-07-22 13:55:23] Status: SUCCESS | To: ahilcicillin@gmail.com | Subject: Forgot Password mail
[2026-07-22 13:55:57] Status: SUCCESS | To: ahilcicillin@gmail.com | Subject: New Sign-In
[2026-07-22 13:55:57] Status: SUCCESS | To: ahilcicillin@gmail.com | Subject: New Sign-In
[2026-07-22 14:02:56] Status: SUCCESS | To: ahilcicillin@gmail.com | Subject: Verify your email - Backend Institutions
[2026-07-22 14:02:56] Status: SUCCESS | To: ahilcicillin@gmail.com | Subject: Verify your email - Backend Institutions
[2026-07-22 14:04:08] Status: SUCCESS | To: ahilcicillin@gmail.com | Subject: New Sign-In
[2026-07-22 14:04:08] Status: SUCCESS | To: ahilcicillin@gmail.com | Subject: New Sign-In
[2026-07-22 14:04:21] Status: SUCCESS | To: ahilcicillin@gmail.com | Subject: Forgot Password mail
[2026-07-22 14:04:21] Status: SUCCESS | To: ahilcicillin@gmail.com | Subject: Forgot Password mail
[2026-07-22 14:06:12] Status: SUCCESS | To: ahilcicillin@gmail.com | Subject: New Sign-In
[2026-07-22 14:06:12] Status: SUCCESS | To: ahilcicillin@gmail.com | Subject: New Sign-In
[2026-07-22 14:12:27] Status: SUCCESS | To: ahilcicillin@gmail.com | Subject: Verify your email - Backend Institutions
[2026-07-22 14:12:27] Status: SUCCESS | To: ahilcicillin@gmail.com | Subject: Verify your email - Backend Institutions
[2026-07-22 14:12:45] Status: SUCCESS | To: ahilcicillin@gmail.com | Subject: New Sign-In
[2026-07-22 14:12:45] Status: SUCCESS | To: ahilcicillin@gmail.com | Subject: New Sign-In
[2026-07-22 14:13:07] Status: SUCCESS | To: ahilcicillin@gmail.com | Subject: Forgot Password mail
[2026-07-22 14:13:07] Status: SUCCESS | To: ahilcicillin@gmail.com | Subject: Forgot Password mail
[2026-07-22 14:13:50] Status: SUCCESS | To: Usss@gmail.com | Subject: Forgot Password mail
[2026-07-22 14:13:50] Status: SUCCESS | To: Usss@gmail.com | Subject: Forgot Password mail
[2026-07-22 14:14:43] Status: SUCCESS | To: ahilcicillin@gmail.com | Subject: New Sign-In
[2026-07-22 14:14:43] Status: SUCCESS | To: ahilcicillin@gmail.com | Subject: New Sign-In
[2026-07-22 15:17:56] Status: SUCCESS | To: ahilcicillin@gmail.com | Subject: Verify your email - Backend Institutions
[2026-07-22 15:17:56] Status: SUCCESS | To: ahilcicillin@gmail.com | Subject: Verify your email - Backend Institutions
[2026-07-22 15:18:30] Status: SUCCESS | To: ahilcicillin@gmail.com | Subject: New Sign-In
[2026-07-22 15:18:30] Status: SUCCESS | To: ahilcicillin@gmail.com | Subject: New Sign-In
[2026-07-22 15:18:44] Status: SUCCESS | To: Usss@gmail.com | Subject: Forgot Password mail
[2026-07-22 15:18:44] Status: SUCCESS | To: Usss@gmail.com | Subject: Forgot Password mail
[2026-07-22 15:19:01] Status: SUCCESS | To: ahilcicillin@gmail.com | Subject: Forgot Password mail
[2026-07-22 15:19:01] Status: SUCCESS | To: ahilcicillin@gmail.com | Subject: Forgot Password mail
[2026-07-22 15:19:26] Status: SUCCESS | To: ushbdhbhj@gmail.com | Subject: Forgot Password mail
[2026-07-22 15:19:26] Status: SUCCESS | To: ushbdhbhj@gmail.com | Subject: Forgot Password mail
[2026-07-22 15:20:51] Status: SUCCESS | To: ushbdhbhj@gmail.com | Subject: Forgot Password mail
[2026-07-22 15:20:51] Status: SUCCESS | To: ushbdhbhj@gmail.com | Subject: Forgot Password mail
[2026-07-22 15:21:40] Status: SUCCESS | To: ahilcicillin@gmail.com | Subject: Verify your email - Backend Institutions
[2026-07-22 15:21:40] Status: SUCCESS | To: ahilcicillin@gmail.com | Subject: Verify your email - Backend Institutions
[2026-07-22 15:22:01] Status: SUCCESS | To: ahilcicillin@gmail.com | Subject: New Sign-In
[2026-07-22 15:22:01] Status: SUCCESS | To: ahilcicillin@gmail.com | Subject: New Sign-In
[2026-07-22 15:22:10] Status: SUCCESS | To: ushbdhbhj@gmail.com | Subject: Forgot Password mail
[2026-07-22 15:22:10] Status: SUCCESS | To: ushbdhbhj@gmail.com | Subject: Forgot Password mail
[2026-07-22 15:22:22] Status: SUCCESS | To: ahilcicillin@gmail.com | Subject: Forgot Password mail
[2026-07-22 15:22:22] Status: SUCCESS | To: ahilcicillin@gmail.com | Subject: Forgot Password mail
[2026-07-22 15:23:25] Status: SUCCESS | To: ushbdhbhj@gmail.com | Subject: Forgot Password mail
[2026-07-22 15:23:25] Status: SUCCESS | To: ushbdhbhj@gmail.com | Subject: Forgot Password mail
[2026-07-22 15:26:49] Status: SUCCESS | To: ahilcicillin@gmail.com | Subject: New Sign-In
[2026-07-22 15:26:49] Status: SUCCESS | To: ahilcicillin@gmail.com | Subject: New Sign-In
[2026-07-22 15:27:25] Status: SUCCESS | To: ahilcicillin@gmail.com | Subject: Forgot Password mail
[2026-07-22 15:27:25] Status: SUCCESS | To: ahilcicillin@gmail.com | Subject: Forgot Password mail
[2026-07-22 15:30:02] Status: SUCCESS | To: ahilcicillin@gmail.com | Subject: Forgot Password mail
[2026-07-22 15:30:02] Status: SUCCESS | To: ahilcicillin@gmail.com | Subject: Forgot Password mail
[2026-07-22 15:39:44] Status: SUCCESS | To: ahilcicillin@gmail.com | Subject: Verify your email - Backend Institutions
[2026-07-22 15:39:44] Status: SUCCESS | To: ahilcicillin@gmail.com | Subject: Verify your email - Backend Institutions
[2026-07-22 15:40:11] Status: SUCCESS | To: ahilcicillin@gmail.com | Subject: New Sign-In
[2026-07-22 15:40:11] Status: SUCCESS | To: ahilcicillin@gmail.com | Subject: New Sign-In
[2026-07-22 15:40:38] Status: SUCCESS | To: ushbdhbhj@gmail.com | Subject: Forgot Password mail
[2026-07-22 15:40:38] Status: SUCCESS | To: ushbdhbhj@gmail.com | Subject: Forgot Password mail
[2026-07-22 15:40:40] Status: SUCCESS | To: ushbdhbhj@gmail.com | Subject: Forgot Password mail
[2026-07-22 15:40:40] Status: SUCCESS | To: ushbdhbhj@gmail.com | Subject: Forgot Password mail
[2026-07-22 15:51:32] Status: SUCCESS | To: ahilcicillin@gmail.com | Subject: Verify your email - Backend Institutions
[2026-07-22 15:51:32] Status: SUCCESS | To: ahilcicillin@gmail.com | Subject: Verify your email - Backend Institutions
[2026-07-22 15:51:47] Status: SUCCESS | To: ahilcicillin@gmail.com | Subject: New Sign-In
[2026-07-22 15:51:47] Status: SUCCESS | To: ahilcicillin@gmail.com | Subject: New Sign-In
[2026-07-22 15:53:11] Status: SUCCESS | To: ahilcicillin@gmail.com | Subject: New Sign-In
[2026-07-22 15:53:11] Status: SUCCESS | To: ahilcicillin@gmail.com | Subject: New Sign-In
[2026-07-22 15:54:51] Status: SUCCESS | To: ahilcicillin@gmail.com | Subject: New Sign-In
[2026-07-22 15:54:51] Status: SUCCESS | To: ahilcicillin@gmail.com | Subject: New Sign-In
[2026-07-22 15:54:55] Status: SUCCESS | To: ahilcicillin@gmail.com | Subject: Forgot Password mail
[2026-07-22 15:54:55] Status: SUCCESS | To: ahilcicillin@gmail.com | Subject: Forgot Password mail
[2026-07-23 09:59:34] Status: SUCCESS | To: ahilcicillin@gmail.com | Subject: New Sign-In
[2026-07-23 09:59:34] Status: SUCCESS | To: ahilcicillin@gmail.com | Subject: New Sign-In
[2026-07-23 10:00:58] Status: SUCCESS | To: ahilcicillin@gmail.com | Subject: New Sign-In
[2026-07-23 10:00:58] Status: SUCCESS | To: ahilcicillin@gmail.com | Subject: New Sign-In
[2026-07-23 10:22:12] Status: SUCCESS | To: television85599@gmail.com | Subject: Verify your email - Backend Institutions
[2026-07-23 10:22:12] Status: SUCCESS | To: television85599@gmail.com | Subject: Verify your email - Backend Institutions
[2026-07-23 10:22:35] Status: SUCCESS | To: ahilcicillin@gmail.com | Subject: New Sign-In
[2026-07-23 10:22:35] Status: SUCCESS | To: ahilcicillin@gmail.com | Subject: New Sign-In
[2026-07-23 10:23:20] Status: SUCCESS | To: television85599@gmail.com | Subject: New Sign-In
[2026-07-23 10:23:20] Status: SUCCESS | To: television85599@gmail.com | Subject: New Sign-In
[2026-07-23 10:44:17] Status: SUCCESS | To: television85599@gmail.com | Subject: New Sign-In
[2026-07-23 10:44:17] Status: SUCCESS | To: television85599@gmail.com | Subject: New Sign-In
[2026-07-23 11:16:23] Status: SUCCESS | To: television85599@gmail.com | Subject: New Sign-In
[2026-07-23 11:16:23] Status: SUCCESS | To: television85599@gmail.com | Subject: New Sign-In
[2026-07-23 12:37:16] Status: SUCCESS | To: television85599@gmail.com | Subject: New Sign-In
[2026-07-23 12:37:16] Status: SUCCESS | To: television85599@gmail.com | Subject: New Sign-In
[2026-07-23 12:37:36] Status: SUCCESS | To: television85599@gmail.com | Subject: New Sign-In
[2026-07-23 12:37:36] Status: SUCCESS | To: television85599@gmail.com | Subject: New Sign-In
[2026-07-23 12:45:57] Status: SUCCESS | To: television85599@gmail.com | Subject: New Sign-In
[2026-07-23 12:45:57] Status: SUCCESS | To: television85599@gmail.com | Subject: New Sign-In
[2026-07-23 13:01:02] Status: SUCCESS | To: television85599@gmail.com | Subject: New Sign-In
[2026-07-23 13:01:02] Status: SUCCESS | To: television85599@gmail.com | Subject: New Sign-In
[2026-07-23 13:02:00] Status: SUCCESS | To: television85599@gmail.com | Subject: New Sign-In
[2026-07-23 13:02:00] Status: SUCCESS | To: television85599@gmail.com | Subject: New Sign-In
[2026-07-23 13:03:53] Status: SUCCESS | To: television85599@gmail.com | Subject: New Sign-In
[2026-07-23 13:03:53] Status: SUCCESS | To: television85599@gmail.com | Subject: New Sign-In
[2026-07-23 13:05:14] Status: SUCCESS | To: television85599@gmail.com | Subject: New Sign-In
[2026-07-23 13:05:14] Status: SUCCESS | To: television85599@gmail.com | Subject: New Sign-In
[2026-07-23 13:15:02] Status: SUCCESS | To: television85599@gmail.com | Subject: New Sign-In
[2026-07-23 13:15:02] Status: SUCCESS | To: television85599@gmail.com | Subject: New Sign-In
[2026-07-23 15:23:41] Status: SUCCESS | To: television85599@gmail.com | Subject: New Sign-In
[2026-07-23 15:23:41] Status: SUCCESS | To: television85599@gmail.com | Subject: New Sign-In
[2026-07-23 15:29:04] Status: SUCCESS | To: television85599@gmail.com | Subject: New Sign-In
[2026-07-23 15:29:04] Status: SUCCESS | To: television85599@gmail.com | Subject: New Sign-In
[2026-07-23 16:33:36] Status: SUCCESS | To: television85599@gmail.com | Subject: New Sign-In
[2026-07-23 16:33:36] Status: SUCCESS | To: television85599@gmail.com | Subject: New Sign-In
[2026-07-23 16:34:04] Status: SUCCESS | To: television85599@gmail.com | Subject: New Sign-In
[2026-07-23 16:34:04] Status: SUCCESS | To: television85599@gmail.com | Subject: New Sign-In
[2026-07-23 16:34:35] Status: SUCCESS | To: television85599@gmail.com | Subject: New Sign-In
[2026-07-23 16:34:35] Status: SUCCESS | To: television85599@gmail.com | Subject: New Sign-In
[2026-07-23 16:35:05] Status: SUCCESS | To: television85599@gmail.com | Subject: New Sign-In
[2026-07-23 16:35:05] Status: SUCCESS | To: television85599@gmail.com | Subject: New Sign-In
[2026-07-23 16:36:52] Status: SUCCESS | To: television85599@gmail.com | Subject: New Sign-In
[2026-07-23 16:36:52] Status: SUCCESS | To: television85599@gmail.com | Subject: New Sign-In
[2026-07-23 16:56:43] Status: SUCCESS | To: ahilcicillin@gmail.com | Subject: New Sign-In
[2026-07-23 16:56:43] Status: SUCCESS | To: ahilcicillin@gmail.com | Subject: New Sign-In
[2026-07-23 16:59:15] Status: SUCCESS | To: ahilcicillin@gmail.com | Subject: New Sign-In
[2026-07-23 16:59:15] Status: SUCCESS | To: ahilcicillin@gmail.com | Subject: New Sign-In
[2026-07-23 17:05:55] Status: SUCCESS | To: ahilcicillin@gmail.com | Subject: New Sign-In
[2026-07-23 17:05:55] Status: SUCCESS | To: ahilcicillin@gmail.com | Subject: New Sign-In
[2026-07-23 17:59:33] Status: SUCCESS | To: ahilcicillin@gmail.com | Subject: New Sign-In
[2026-07-23 17:59:33] Status: SUCCESS | To: ahilcicillin@gmail.com | Subject: New Sign-In
[2026-07-23 18:39:34] Status: SUCCESS | To: television85599@gmail.com | Subject: Verify your email - Backend Institutions
[2026-07-23 18:39:34] Status: SUCCESS | To: television85599@gmail.com | Subject: Verify your email - Backend Institutions
[2026-07-23 18:41:14] Status: SUCCESS | To: television85599@gmail.com | Subject: New Sign-In
[2026-07-23 18:41:14] Status: SUCCESS | To: television85599@gmail.com | Subject: New Sign-In
[2026-07-23 18:43:07] Status: SUCCESS | To: maildrop.amit@gmail.com | Subject: Verify your email - Backend Institutions
[2026-07-23 18:43:07] Status: SUCCESS | To: maildrop.amit@gmail.com | Subject: Verify your email - Backend Institutions
[2026-07-24 09:45:48] Status: SUCCESS | To: television85599@gmail.com | Subject: New Sign-In
[2026-07-24 09:45:48] Status: SUCCESS | To: television85599@gmail.com | Subject: New Sign-In
[2026-07-24 10:09:24] Status: SUCCESS | To: television85599@gmail.com | Subject: New Sign-In
[2026-07-24 10:09:24] Status: SUCCESS | To: television85599@gmail.com | Subject: New Sign-In
[2026-07-24 10:10:41] Status: SUCCESS | To: television85599@gmail.com | Subject: New Sign-In
[2026-07-24 10:10:41] Status: SUCCESS | To: television85599@gmail.com | Subject: New Sign-In
[2026-07-24 10:30:59] Status: SUCCESS | To: television85599@gmail.com | Subject: New Sign-In
[2026-07-24 10:30:59] Status: SUCCESS | To: television85599@gmail.com | Subject: New Sign-In
[2026-07-24 10:31:02] Status: SUCCESS | To: television85599@gmail.com | Subject: New Sign-In
[2026-07-24 10:31:02] Status: SUCCESS | To: television85599@gmail.com | Subject: New Sign-In
[2026-07-24 10:32:06] Status: SUCCESS | To: television85599@gmail.com | Subject: Verify your email - Backend Institutions
[2026-07-24 10:32:06] Status: SUCCESS | To: television85599@gmail.com | Subject: Verify your email - Backend Institutions
[2026-07-24 10:34:14] Status: FAILED | To:  | Subject: Verify your email - Backend Institutions | Error: 555 5.5.2 Syntax error, cannot decode response. For more information, go to
5.5.2  https://support.google.com/a/answer/3221692 and review RFC 5321
5.5.2 specifications. 5a478bee46e88-3147e1c9289sm26265492eec.29 - gsmtp
[2026-07-24 10:34:14] Status: FAILED | To:  | Subject: Verify your email - Backend Institutions | Error: 555 5.5.2 Syntax error, cannot decode response. For more information, go to
5.5.2  https://support.google.com/a/answer/3221692 and review RFC 5321
5.5.2 specifications. 5a478bee46e88-3147e1c9289sm26265492eec.29 - gsmtp
[2026-07-24 10:44:52] Status: SUCCESS | To: television85599@gmail.com | Subject: Verify your email - Backend Institutions
[2026-07-24 10:44:52] Status: SUCCESS | To: television85599@gmail.com | Subject: Verify your email - Backend Institutions
[2026-07-27 11:00:49] Status: SUCCESS | To: ahilcicillin@gmail.com | Subject: New Sign-In
[2026-07-27 11:00:49] Status: SUCCESS | To: ahilcicillin@gmail.com | Subject: New Sign-In
[2026-07-27 11:01:12] Status: SUCCESS | To: ahilcicillin@gmail.com | Subject: New Sign-In
[2026-07-27 11:01:12] Status: SUCCESS | To: ahilcicillin@gmail.com | Subject: New Sign-In
[2026-07-27 11:07:11] Status: SUCCESS | To: ahilcicillin@gmail.com | Subject: New Sign-In
[2026-07-27 11:07:11] Status: SUCCESS | To: ahilcicillin@gmail.com | Subject: New Sign-In
[2026-07-27 11:09:47] Status: SUCCESS | To: ahilcicillin@gmail.com | Subject: New Sign-In
[2026-07-27 11:09:47] Status: SUCCESS | To: ahilcicillin@gmail.com | Subject: New Sign-In
[2026-07-27 11:11:27] Status: SUCCESS | To: ahilcicillin@gmail.com | Subject: New Sign-In
[2026-07-27 11:11:27] Status: SUCCESS | To: ahilcicillin@gmail.com | Subject: New Sign-In
[2026-07-27 11:14:01] Status: SUCCESS | To: ahilcicillin@gmail.com | Subject: New Sign-In
[2026-07-27 11:14:01] Status: SUCCESS | To: ahilcicillin@gmail.com | Subject: New Sign-In
[2026-07-27 11:14:06] Status: SUCCESS | To: ahilcicillin@gmail.com | Subject: New Sign-In
[2026-07-27 11:14:06] Status: SUCCESS | To: ahilcicillin@gmail.com | Subject: New Sign-In
[2026-07-27 11:16:29] Status: SUCCESS | To: ahilcicillin@gmail.com | Subject: New Sign-In
[2026-07-27 11:16:29] Status: SUCCESS | To: ahilcicillin@gmail.com | Subject: New Sign-In
[2026-07-27 11:18:05] Status: SUCCESS | To: ahilcicillin@gmail.com | Subject: New Sign-In
[2026-07-27 11:18:05] Status: SUCCESS | To: ahilcicillin@gmail.com | Subject: New Sign-In
[2026-07-27 11:21:00] Status: SUCCESS | To: ahilcicillin@gmail.com | Subject: New Sign-In
[2026-07-27 11:21:00] Status: SUCCESS | To: ahilcicillin@gmail.com | Subject: New Sign-In
[2026-07-27 11:36:35] Status: SUCCESS | To: ahilcicillin@gmail.com | Subject: New Sign-In
[2026-07-27 11:36:35] Status: SUCCESS | To: ahilcicillin@gmail.com | Subject: New Sign-In
[2026-07-27 11:39:29] Status: SUCCESS | To: ahilcicillin@gmail.com | Subject: New Sign-In
[2026-07-27 11:39:29] Status: SUCCESS | To: ahilcicillin@gmail.com | Subject: New Sign-In
[2026-07-27 11:41:19] Status: SUCCESS | To: ahilcicillin@gmail.com | Subject: New Sign-In
[2026-07-27 11:41:19] Status: SUCCESS | To: ahilcicillin@gmail.com | Subject: New Sign-In
[2026-07-27 11:41:30] Status: SUCCESS | To: ahilcicillin@gmail.com | Subject: New Sign-In
[2026-07-27 11:41:30] Status: SUCCESS | To: ahilcicillin@gmail.com | Subject: New Sign-In
[2026-07-27 12:03:18] Status: SUCCESS | To: ahilcicillin@gmail.com | Subject: New Sign-In
[2026-07-27 12:03:18] Status: SUCCESS | To: ahilcicillin@gmail.com | Subject: New Sign-In
[2026-07-27 12:15:14] Status: SUCCESS | To: ahilcicillin@gmail.com | Subject: New Sign-In
[2026-07-27 12:15:14] Status: SUCCESS | To: ahilcicillin@gmail.com | Subject: New Sign-In
[2026-07-27 12:15:15] Status: SUCCESS | To: ahilcicillin@gmail.com | Subject: New Sign-In
[2026-07-27 12:15:15] Status: SUCCESS | To: ahilcicillin@gmail.com | Subject: New Sign-In
[2026-07-27 12:15:15] Status: SUCCESS | To: ahilcicillin@gmail.com | Subject: New Sign-In
[2026-07-27 12:15:15] Status: SUCCESS | To: ahilcicillin@gmail.com | Subject: New Sign-In
[2026-07-27 12:15:16] Status: SUCCESS | To: ahilcicillin@gmail.com | Subject: New Sign-In
[2026-07-27 12:15:16] Status: SUCCESS | To: ahilcicillin@gmail.com | Subject: New Sign-In
[2026-07-27 12:28:21] Status: SUCCESS | To: ahilcicillin@gmail.com | Subject: New Sign-In
[2026-07-27 12:28:21] Status: SUCCESS | To: ahilcicillin@gmail.com | Subject: New Sign-In
[2026-07-27 12:28:59] Status: SUCCESS | To: ahilcicillin@gmail.com | Subject: New Sign-In
[2026-07-27 12:28:59] Status: SUCCESS | To: ahilcicillin@gmail.com | Subject: New Sign-In
[2026-07-27 12:30:15] Status: SUCCESS | To: ahilcicillin@gmail.com | Subject: New Sign-In
[2026-07-27 12:30:15] Status: SUCCESS | To: ahilcicillin@gmail.com | Subject: New Sign-In
[2026-07-27 12:44:13] Status: SUCCESS | To: ahilcicillin@gmail.com | Subject: New Sign-In
[2026-07-27 12:44:13] Status: SUCCESS | To: ahilcicillin@gmail.com | Subject: New Sign-In
[2026-07-27 12:47:56] Status: SUCCESS | To: test_1785136670458@example.com | Subject: Verify your email - Backend Institutions
[2026-07-27 12:47:56] Status: SUCCESS | To: test_1785136670458@example.com | Subject: Verify your email - Backend Institutions
[2026-07-27 12:48:58] Status: SUCCESS | To: ahilcicillin@gmail.com | Subject: New Sign-In
[2026-07-27 12:48:58] Status: SUCCESS | To: ahilcicillin@gmail.com | Subject: New Sign-In
[2026-07-27 12:51:12] Status: SUCCESS | To: ahilcicillin@gmail.com | Subject: New Sign-In
[2026-07-27 12:51:12] Status: SUCCESS | To: ahilcicillin@gmail.com | Subject: New Sign-In
[2026-07-27 12:55:39] Status: SUCCESS | To: ahilcicillin@gmail.com | Subject: New Sign-In
[2026-07-27 12:55:39] Status: SUCCESS | To: ahilcicillin@gmail.com | Subject: New Sign-In
[2026-07-27 12:55:55] Status: SUCCESS | To: ahilcicillin@gmail.com | Subject: New Sign-In
[2026-07-27 12:55:55] Status: SUCCESS | To: ahilcicillin@gmail.com | Subject: New Sign-In
[2026-07-27 13:16:17] Status: SUCCESS | To: ahilcicillin@gmail.com | Subject: New Sign-In
[2026-07-27 13:16:17] Status: SUCCESS | To: ahilcicillin@gmail.com | Subject: New Sign-In
[2026-07-27 13:17:39] Status: SUCCESS | To: ahilcicillin@gmail.com | Subject: New Sign-In
[2026-07-27 13:17:39] Status: SUCCESS | To: ahilcicillin@gmail.com | Subject: New Sign-In
[2026-07-27 13:38:19] Status: SUCCESS | To: ahilcicillin@gmail.com | Subject: New Sign-In
[2026-07-27 13:38:19] Status: SUCCESS | To: ahilcicillin@gmail.com | Subject: New Sign-In
[2026-07-27 13:38:26] Status: SUCCESS | To: ahilcicillin@gmail.com | Subject: New Sign-In
[2026-07-27 13:38:26] Status: SUCCESS | To: ahilcicillin@gmail.com | Subject: New Sign-In
[2026-07-27 13:43:14] Status: SUCCESS | To: television85599@gmail.com | Subject: Verify your email - Backend Institutions
[2026-07-27 13:43:14] Status: SUCCESS | To: television85599@gmail.com | Subject: Verify your email - Backend Institutions
[2026-07-27 13:44:46] Status: SUCCESS | To: television85599@gmail.com | Subject: New Sign-In
[2026-07-27 13:44:46] Status: SUCCESS | To: television85599@gmail.com | Subject: New Sign-In
[2026-07-27 13:44:47] Status: SUCCESS | To: television85599@gmail.com | Subject: New Sign-In
[2026-07-27 13:44:47] Status: SUCCESS | To: television85599@gmail.com | Subject: New Sign-In
[2026-07-27 13:45:27] Status: SUCCESS | To: ahilcicillin@gmail.com | Subject: New Sign-In
[2026-07-27 13:45:27] Status: SUCCESS | To: ahilcicillin@gmail.com | Subject: New Sign-In
[2026-07-27 13:47:11] Status: SUCCESS | To: television85599@gmail.com | Subject: New Sign-In
[2026-07-27 13:47:11] Status: SUCCESS | To: television85599@gmail.com | Subject: New Sign-In
[2026-07-27 13:52:58] Status: SUCCESS | To: ahilcicillin@gmail.com | Subject: New Sign-In
[2026-07-27 13:52:58] Status: SUCCESS | To: ahilcicillin@gmail.com | Subject: New Sign-In
[2026-07-27 13:55:33] Status: SUCCESS | To: ahilcicillin@gmail.com | Subject: New Sign-In
[2026-07-27 13:55:33] Status: SUCCESS | To: ahilcicillin@gmail.com | Subject: New Sign-In
[2026-07-27 14:00:42] Status: SUCCESS | To: ahilcicillin@gmail.com | Subject: New Sign-In
[2026-07-27 14:00:42] Status: SUCCESS | To: ahilcicillin@gmail.com | Subject: New Sign-In
[2026-07-27 14:00:53] Status: SUCCESS | To: ahilcicillin@gmail.com | Subject: New Sign-In
[2026-07-27 14:00:53] Status: SUCCESS | To: ahilcicillin@gmail.com | Subject: New Sign-In
[2026-07-27 14:03:40] Status: SUCCESS | To: ahilcicillin@gmail.com | Subject: New Sign-In
[2026-07-27 14:03:40] Status: SUCCESS | To: ahilcicillin@gmail.com | Subject: New Sign-In
[2026-07-27 14:04:07] Status: SUCCESS | To: ahilcicillin@gmail.com | Subject: New Sign-In
[2026-07-27 14:04:07] Status: SUCCESS | To: ahilcicillin@gmail.com | Subject: New Sign-In
[2026-07-27 14:08:26] Status: SUCCESS | To: ahilcicillin@gmail.com | Subject: New Sign-In
[2026-07-27 14:08:26] Status: SUCCESS | To: ahilcicillin@gmail.com | Subject: New Sign-In
[2026-07-27 14:10:32] Status: SUCCESS | To: ahilcicillin@gmail.com | Subject: New Sign-In
[2026-07-27 14:10:32] Status: SUCCESS | To: ahilcicillin@gmail.com | Subject: New Sign-In
[2026-07-27 14:10:34] Status: SUCCESS | To: ahilcicillin@gmail.com | Subject: New Sign-In
[2026-07-27 14:10:34] Status: SUCCESS | To: ahilcicillin@gmail.com | Subject: New Sign-In
[2026-07-27 14:11:03] Status: SUCCESS | To: ahilcicillin@gmail.com | Subject: New Sign-In
[2026-07-27 14:11:03] Status: SUCCESS | To: ahilcicillin@gmail.com | Subject: New Sign-In
[2026-07-27 14:11:21] Status: SUCCESS | To: ahilcicillin@gmail.com | Subject: New Sign-In
[2026-07-27 14:11:21] Status: SUCCESS | To: ahilcicillin@gmail.com | Subject: New Sign-In
[2026-07-27 14:30:56] Status: SUCCESS | To: ahilcicillin@gmail.com | Subject: New Sign-In
[2026-07-27 14:30:56] Status: SUCCESS | To: ahilcicillin@gmail.com | Subject: New Sign-In
[2026-07-27 14:31:33] Status: SUCCESS | To: ahilcicillin@gmail.com | Subject: New Sign-In
[2026-07-27 14:31:33] Status: SUCCESS | To: ahilcicillin@gmail.com | Subject: New Sign-In
[2026-07-27 15:42:27] Status: SUCCESS | To: ahilcicillin@gmail.com | Subject: New Sign-In
[2026-07-27 15:42:27] Status: SUCCESS | To: ahilcicillin@gmail.com | Subject: New Sign-In
[2026-07-27 15:43:09] Status: SUCCESS | To: ahilcicillin@gmail.com | Subject: New Sign-In
[2026-07-27 15:43:09] Status: SUCCESS | To: ahilcicillin@gmail.com | Subject: New Sign-In
[2026-07-27 15:56:06] Status: SUCCESS | To: ahilcicillin@gmail.com | Subject: New Sign-In
[2026-07-27 15:56:06] Status: SUCCESS | To: ahilcicillin@gmail.com | Subject: New Sign-In
[2026-07-27 16:19:02] Status: SUCCESS | To: ahilcicillin@gmail.com | Subject: New Sign-In
[2026-07-27 16:19:02] Status: SUCCESS | To: ahilcicillin@gmail.com | Subject: New Sign-In
[2026-07-27 16:23:25] Status: SUCCESS | To: ahilcicillin@gmail.com | Subject: New Sign-In
[2026-07-27 16:23:25] Status: SUCCESS | To: ahilcicillin@gmail.com | Subject: New Sign-In
[2026-07-27 19:56:52] Status: SUCCESS | To: ahilcicillin@gmail.com | Subject: New Sign-In
[2026-07-27 19:56:52] Status: SUCCESS | To: ahilcicillin@gmail.com | Subject: New Sign-In
[2026-07-27 19:57:34] Status: SUCCESS | To: television85599@gmail.com | Subject: New Sign-In
[2026-07-27 19:57:34] Status: SUCCESS | To: television85599@gmail.com | Subject: New Sign-In
[2026-07-28 09:48:03] Status: SUCCESS | To: ahilcicillin@gmail.com | Subject: New Sign-In
[2026-07-28 09:48:03] Status: SUCCESS | To: ahilcicillin@gmail.com | Subject: New Sign-In
[2026-07-28 09:49:57] Status: SUCCESS | To: ahilcicillin@gmail.com | Subject: New Sign-In
[2026-07-28 09:49:57] Status: SUCCESS | To: ahilcicillin@gmail.com | Subject: New Sign-In
[2026-07-28 09:55:25] Status: SUCCESS | To: television85599@gmail.com | Subject: New Sign-In
[2026-07-28 09:55:25] Status: SUCCESS | To: television85599@gmail.com | Subject: New Sign-In
[2026-07-28 10:01:14] Status: SUCCESS | To: television85599@gmail.com | Subject: New Sign-In
[2026-07-28 10:01:14] Status: SUCCESS | To: television85599@gmail.com | Subject: New Sign-In
[2026-07-28 10:09:04] Status: SUCCESS | To: ahilcicillin@gmail.com | Subject: New Sign-In
[2026-07-28 10:09:04] Status: SUCCESS | To: ahilcicillin@gmail.com | Subject: New Sign-In
[2026-07-28 10:12:41] Status: SUCCESS | To: ahilcicillin@gmail.com | Subject: New Sign-In
[2026-07-28 10:12:41] Status: SUCCESS | To: ahilcicillin@gmail.com | Subject: New Sign-In
[2026-07-28 10:14:01] Status: SUCCESS | To: ahilcicillin@gmail.com | Subject: New Sign-In
[2026-07-28 10:14:01] Status: SUCCESS | To: ahilcicillin@gmail.com | Subject: New Sign-In
[2026-07-28 10:14:03] Status: SUCCESS | To: ahilcicillin@gmail.com | Subject: New Sign-In
[2026-07-28 10:14:03] Status: SUCCESS | To: ahilcicillin@gmail.com | Subject: New Sign-In
[2026-07-28 10:22:34] Status: SUCCESS | To: ahilcicillin@gmail.com | Subject: New Sign-In
[2026-07-28 10:22:34] Status: SUCCESS | To: ahilcicillin@gmail.com | Subject: New Sign-In
[2026-07-28 10:23:52] Status: SUCCESS | To: ahilcicillin@gmail.com | Subject: New Sign-In
[2026-07-28 10:23:52] Status: SUCCESS | To: ahilcicillin@gmail.com | Subject: New Sign-In
[2026-07-28 10:57:23] Status: SUCCESS | To: ahilcicillin@gmail.com | Subject: New Sign-In
[2026-07-28 10:57:23] Status: SUCCESS | To: ahilcicillin@gmail.com | Subject: New Sign-In
[2026-07-28 11:00:35] Status: SUCCESS | To: ahilcicillin@gmail.com | Subject: New Sign-In
[2026-07-28 11:00:35] Status: SUCCESS | To: ahilcicillin@gmail.com | Subject: New Sign-In
[2026-07-28 11:07:49] Status: SUCCESS | To: ahilcicillin@gmail.com | Subject: New Sign-In
[2026-07-28 11:07:49] Status: SUCCESS | To: ahilcicillin@gmail.com | Subject: New Sign-In
[2026-07-28 11:08:00] Status: SUCCESS | To: ahilcicillin@gmail.com | Subject: New Sign-In
[2026-07-28 11:08:00] Status: SUCCESS | To: ahilcicillin@gmail.com | Subject: New Sign-In
[2026-07-28 11:14:17] Status: SUCCESS | To: ahilcicillin@gmail.com | Subject: New Sign-In
[2026-07-28 11:14:17] Status: SUCCESS | To: ahilcicillin@gmail.com | Subject: New Sign-In
[2026-07-28 12:02:04] Status: SUCCESS | To: ahilcicillin@gmail.com | Subject: New Sign-In
[2026-07-28 12:02:04] Status: SUCCESS | To: ahilcicillin@gmail.com | Subject: New Sign-In
[2026-07-28 12:13:43] Status: SUCCESS | To: ahilcicillin@gmail.com | Subject: New Sign-In
[2026-07-28 12:13:43] Status: SUCCESS | To: ahilcicillin@gmail.com | Subject: New Sign-In
[2026-07-28 12:18:45] Status: SUCCESS | To: ahilcicillin@gmail.com | Subject: New Sign-In
[2026-07-28 12:18:45] Status: SUCCESS | To: ahilcicillin@gmail.com | Subject: New Sign-In
[2026-07-28 12:26:34] Status: SUCCESS | To: ahilcicillin@gmail.com | Subject: New Sign-In
[2026-07-28 12:26:34] Status: SUCCESS | To: ahilcicillin@gmail.com | Subject: New Sign-In
[2026-07-28 12:26:40] Status: SUCCESS | To: ahilcicillin@gmail.com | Subject: New Sign-In
[2026-07-28 12:26:40] Status: SUCCESS | To: ahilcicillin@gmail.com | Subject: New Sign-In
[2026-07-28 12:42:18] Status: SUCCESS | To: ahilcicillin@gmail.com | Subject: New Sign-In
[2026-07-28 12:42:18] Status: SUCCESS | To: ahilcicillin@gmail.com | Subject: New Sign-In
[2026-07-28 12:56:30] Status: SUCCESS | To: ahilcicillin@gmail.com | Subject: New Sign-In
[2026-07-28 12:56:30] Status: SUCCESS | To: ahilcicillin@gmail.com | Subject: New Sign-In
[2026-07-28 13:12:06] Status: SUCCESS | To: ahilcicillin@gmail.com | Subject: New Sign-In
[2026-07-28 13:12:06] Status: SUCCESS | To: ahilcicillin@gmail.com | Subject: New Sign-In
[2026-07-28 13:19:10] Status: SUCCESS | To: ahilcicillin@gmail.com | Subject: New Sign-In
[2026-07-28 13:19:10] Status: SUCCESS | To: ahilcicillin@gmail.com | Subject: New Sign-In
[2026-07-28 13:39:02] Status: SUCCESS | To: ahilcicillin@gmail.com | Subject: New Sign-In
[2026-07-28 13:39:02] Status: SUCCESS | To: ahilcicillin@gmail.com | Subject: New Sign-In
[2026-07-28 13:43:38] Status: SUCCESS | To: ahilcicillin@gmail.com | Subject: New Sign-In
[2026-07-28 13:43:38] Status: SUCCESS | To: ahilcicillin@gmail.com | Subject: New Sign-In
[2026-07-28 14:59:57] Status: SUCCESS | To: ahilcicillin@gmail.com | Subject: New Sign-In
[2026-07-28 14:59:57] Status: SUCCESS | To: ahilcicillin@gmail.com | Subject: New Sign-In
[2026-07-28 15:24:47] Status: SUCCESS | To: ahilcicillin@gmail.com | Subject: New Sign-In
[2026-07-28 15:24:47] Status: SUCCESS | To: ahilcicillin@gmail.com | Subject: New Sign-In
[2026-07-28 15:45:10] Status: SUCCESS | To: ahilcicillin@gmail.com | Subject: New Sign-In
[2026-07-28 15:45:10] Status: SUCCESS | To: ahilcicillin@gmail.com | Subject: New Sign-In
[2026-07-28 15:50:28] Status: SUCCESS | To: ahilcicillin@gmail.com | Subject: New Sign-In
[2026-07-28 15:50:28] Status: SUCCESS | To: ahilcicillin@gmail.com | Subject: New Sign-In
[2026-07-28 15:50:34] Status: SUCCESS | To: ahilcicillin@gmail.com | Subject: New Sign-In
[2026-07-28 15:50:34] Status: SUCCESS | To: ahilcicillin@gmail.com | Subject: New Sign-In
[2026-07-28 16:25:35] Status: SUCCESS | To: ahilcicillin@gmail.com | Subject: New Sign-In
[2026-07-28 16:25:35] Status: SUCCESS | To: ahilcicillin@gmail.com | Subject: New Sign-In
[2026-07-28 16:42:41] Status: SUCCESS | To: ahilcicillin@gmail.com | Subject: New Sign-In
[2026-07-28 16:42:41] Status: SUCCESS | To: ahilcicillin@gmail.com | Subject: New Sign-In
[2026-07-28 16:46:45] Status: SUCCESS | To: ahilcicillin@gmail.com | Subject: New Sign-In
[2026-07-28 16:46:45] Status: SUCCESS | To: ahilcicillin@gmail.com | Subject: New Sign-In
[2026-07-28 17:26:11] Status: SUCCESS | To: ahilcicillin@gmail.com | Subject: New Sign-In
[2026-07-28 17:26:11] Status: SUCCESS | To: ahilcicillin@gmail.com | Subject: New Sign-In
[2026-07-28 17:26:12] Status: SUCCESS | To: ahilcicillin@gmail.com | Subject: New Sign-In
[2026-07-28 17:26:12] Status: SUCCESS | To: ahilcicillin@gmail.com | Subject: New Sign-In
[2026-07-28 17:46:22] Status: SUCCESS | To: ahilcicillin@gmail.com | Subject: New Sign-In
[2026-07-28 17:46:22] Status: SUCCESS | To: ahilcicillin@gmail.com | Subject: New Sign-In
[2026-07-28 17:48:41] Status: SUCCESS | To: ahilcicillin@gmail.com | Subject: New Sign-In
[2026-07-28 17:48:41] Status: SUCCESS | To: ahilcicillin@gmail.com | Subject: New Sign-In
[2026-07-28 17:48:46] Status: SUCCESS | To: ahilcicillin@gmail.com | Subject: New Sign-In
[2026-07-28 17:48:46] Status: SUCCESS | To: ahilcicillin@gmail.com | Subject: New Sign-In
[2026-07-28 17:50:11] Status: SUCCESS | To: ahilcicillin@gmail.com | Subject: New Sign-In
[2026-07-28 17:50:11] Status: SUCCESS | To: ahilcicillin@gmail.com | Subject: New Sign-In
[2026-07-28 18:05:04] Status: SUCCESS | To: ahilcicillin@gmail.com | Subject: New Sign-In
[2026-07-28 18:05:04] Status: SUCCESS | To: ahilcicillin@gmail.com | Subject: New Sign-In
[2026-07-28 18:11:23] Status: SUCCESS | To: ahilcicillin@gmail.com | Subject: New Sign-In
[2026-07-28 18:11:23] Status: SUCCESS | To: ahilcicillin@gmail.com | Subject: New Sign-In
[2026-07-28 18:11:29] Status: SUCCESS | To: ahilcicillin@gmail.com | Subject: New Sign-In
[2026-07-28 18:11:29] Status: SUCCESS | To: ahilcicillin@gmail.com | Subject: New Sign-In
[2026-07-28 18:27:50] Status: SUCCESS | To: ahilcicillin@gmail.com | Subject: New Sign-In
[2026-07-28 18:27:50] Status: SUCCESS | To: ahilcicillin@gmail.com | Subject: New Sign-In
[2026-07-28 18:45:40] Status: SUCCESS | To: ahilcicillin@gmail.com | Subject: New Sign-In
[2026-07-28 18:45:40] Status: SUCCESS | To: ahilcicillin@gmail.com | Subject: New Sign-In
[2026-07-28 18:59:02] Status: SUCCESS | To: ahilcicillin@gmail.com | Subject: New Sign-In
[2026-07-28 18:59:02] Status: SUCCESS | To: ahilcicillin@gmail.com | Subject: New Sign-In
[2026-07-28 18:59:12] Status: SUCCESS | To: ahilcicillin@gmail.com | Subject: New Sign-In
[2026-07-28 18:59:12] Status: SUCCESS | To: ahilcicillin@gmail.com | Subject: New Sign-In
[2026-07-28 18:59:57] Status: SUCCESS | To: ahilcicillin@gmail.com | Subject: New Sign-In
[2026-07-28 18:59:57] Status: SUCCESS | To: ahilcicillin@gmail.com | Subject: New Sign-In
[2026-07-28 19:00:17] Status: SUCCESS | To: ahilcicillin@gmail.com | Subject: New Sign-In
[2026-07-28 19:00:17] Status: SUCCESS | To: ahilcicillin@gmail.com | Subject: New Sign-In
[2026-07-28 19:01:33] Status: SUCCESS | To: ahilcicillin@gmail.com | Subject: New Sign-In
[2026-07-28 19:01:33] Status: SUCCESS | To: ahilcicillin@gmail.com | Subject: New Sign-In
[2026-07-28 19:08:11] Status: SUCCESS | To: ahilcicillin@gmail.com | Subject: New Sign-In
[2026-07-28 19:08:11] Status: SUCCESS | To: ahilcicillin@gmail.com | Subject: New Sign-In
[2026-07-28 19:23:57] Status: SUCCESS | To: ahilcicillin@gmail.com | Subject: New Sign-In
[2026-07-28 19:23:57] Status: SUCCESS | To: ahilcicillin@gmail.com | Subject: New Sign-In
[2026-07-29 10:06:32] Status: SUCCESS | To: ahilcicillin@gmail.com | Subject: New Sign-In
[2026-07-29 10:06:32] Status: SUCCESS | To: ahilcicillin@gmail.com | Subject: New Sign-In
[2026-07-29 10:18:57] Status: SUCCESS | To: ahilcicillin@gmail.com | Subject: New Sign-In
[2026-07-29 10:18:57] Status: SUCCESS | To: ahilcicillin@gmail.com | Subject: New Sign-In
[2026-07-29 10:42:24] Status: SUCCESS | To: ahilcicillin@gmail.com | Subject: New Sign-In
[2026-07-29 10:42:24] Status: SUCCESS | To: ahilcicillin@gmail.com | Subject: New Sign-In
[2026-07-29 10:48:41] Status: SUCCESS | To: ahilcicillin@gmail.com | Subject: New Sign-In
[2026-07-29 10:48:41] Status: SUCCESS | To: ahilcicillin@gmail.com | Subject: New Sign-In
[2026-07-29 10:55:40] Status: SUCCESS | To: ahilcicillin@gmail.com | Subject: New Sign-In
[2026-07-29 10:55:40] Status: SUCCESS | To: ahilcicillin@gmail.com | Subject: New Sign-In
[2026-07-29 11:10:15] Status: SUCCESS | To: ahilcicillin@gmail.com | Subject: New Sign-In
[2026-07-29 11:10:15] Status: SUCCESS | To: ahilcicillin@gmail.com | Subject: New Sign-In
[2026-07-29 11:47:20] Status: SUCCESS | To: ahilcicillin@gmail.com | Subject: New Sign-In
[2026-07-29 11:47:20] Status: SUCCESS | To: ahilcicillin@gmail.com | Subject: New Sign-In
[2026-07-29 11:59:35] Status: SUCCESS | To: ahilcicillin@gmail.com | Subject: New Sign-In
[2026-07-29 11:59:35] Status: SUCCESS | To: ahilcicillin@gmail.com | Subject: New Sign-In
[2026-07-29 11:59:51] Status: SUCCESS | To: ahilcicillin@gmail.com | Subject: New Sign-In
[2026-07-29 11:59:51] Status: SUCCESS | To: ahilcicillin@gmail.com | Subject: New Sign-In
[2026-07-29 13:11:48] Status: SUCCESS | To: ahilcicillin@gmail.com | Subject: New Sign-In
[2026-07-29 13:11:48] Status: SUCCESS | To: ahilcicillin@gmail.com | Subject: New Sign-In
[2026-07-29 13:12:59] Status: SUCCESS | To: ahilcicillin@gmail.com | Subject: New Sign-In
[2026-07-29 13:12:59] Status: SUCCESS | To: ahilcicillin@gmail.com | Subject: New Sign-In
[2026-07-29 13:16:41] Status: SUCCESS | To: ahilcicillin@gmail.com | Subject: New Sign-In
[2026-07-29 13:16:41] Status: SUCCESS | To: ahilcicillin@gmail.com | Subject: New Sign-In
[2026-07-29 13:26:16] Status: SUCCESS | To: ahilcicillin@gmail.com | Subject: New Sign-In
[2026-07-29 13:26:16] Status: SUCCESS | To: ahilcicillin@gmail.com | Subject: New Sign-In
[2026-07-29 13:26:24] Status: SUCCESS | To: ahilcicillin@gmail.com | Subject: New Sign-In
[2026-07-29 13:26:24] Status: SUCCESS | To: ahilcicillin@gmail.com | Subject: New Sign-In
[2026-07-29 13:26:35] Status: SUCCESS | To: ahilcicillin@gmail.com | Subject: New Sign-In
[2026-07-29 13:26:35] Status: SUCCESS | To: ahilcicillin@gmail.com | Subject: New Sign-In
[2026-07-30 12:32:06] Status: SUCCESS | To: ahilcicillin@gmail.com | Subject: New Sign-In
[2026-07-30 12:32:06] Status: SUCCESS | To: ahilcicillin@gmail.com | Subject: New Sign-In
[2026-07-30 13:06:35] Status: SUCCESS | To: ahilcicillin@gmail.com | Subject: New Sign-In
[2026-07-30 13:06:35] Status: SUCCESS | To: ahilcicillin@gmail.com | Subject: New Sign-In
[2026-07-30 13:10:35] Status: SUCCESS | To: ahilcicillin@gmail.com | Subject: New Sign-In
[2026-07-30 13:10:35] Status: SUCCESS | To: ahilcicillin@gmail.com | Subject: New Sign-In
[2026-07-30 13:16:31] Status: SUCCESS | To: ahilcicillin@gmail.com | Subject: New Sign-In
[2026-07-30 13:16:31] Status: SUCCESS | To: ahilcicillin@gmail.com | Subject: New Sign-In
[2026-07-30 13:25:04] Status: SUCCESS | To: ahilcicillin@gmail.com | Subject: New Sign-In
[2026-07-30 13:25:04] Status: SUCCESS | To: ahilcicillin@gmail.com | Subject: New Sign-In
[2026-07-30 17:12:10] Status: SUCCESS | To: ahilcicillin@gmail.com | Subject: New Sign-In
[2026-07-30 17:12:10] Status: SUCCESS | To: ahilcicillin@gmail.com | Subject: New Sign-In
[2026-07-30 17:54:49] Status: SUCCESS | To: ahilcicillin@gmail.com | Subject: New Sign-In
[2026-07-30 17:54:49] Status: SUCCESS | To: ahilcicillin@gmail.com | Subject: New Sign-In
[2026-07-30 17:55:46] Status: SUCCESS | To: ahilcicillin@gmail.com | Subject: New Sign-In
[2026-07-30 17:55:46] Status: SUCCESS | To: ahilcicillin@gmail.com | Subject: New Sign-In
[2026-07-30 17:58:03] Status: SUCCESS | To: ahilcicillin@gmail.com | Subject: New Sign-In
[2026-07-30 17:58:03] Status: SUCCESS | To: ahilcicillin@gmail.com | Subject: New Sign-In
[2026-07-30 17:58:18] Status: SUCCESS | To: ahilcicillin@gmail.com | Subject: New Sign-In
[2026-07-30 17:58:18] Status: SUCCESS | To: ahilcicillin@gmail.com | Subject: New Sign-In
[2026-07-30 17:58:26] Status: SUCCESS | To: ahilcicillin@gmail.com | Subject: New Sign-In
[2026-07-30 17:58:26] Status: SUCCESS | To: ahilcicillin@gmail.com | Subject: New Sign-In
[2026-07-30 17:59:04] Status: SUCCESS | To: ahilcicillin@gmail.com | Subject: New Sign-In
[2026-07-30 17:59:04] Status: SUCCESS | To: ahilcicillin@gmail.com | Subject: New Sign-In
[2026-07-30 17:59:26] Status: SUCCESS | To: ahilcicillin@gmail.com | Subject: New Sign-In
[2026-07-30 17:59:26] Status: SUCCESS | To: ahilcicillin@gmail.com | Subject: New Sign-In
[2026-07-30 18:01:42] Status: SUCCESS | To: ahilcicillin@gmail.com | Subject: New Sign-In
[2026-07-30 18:01:42] Status: SUCCESS | To: ahilcicillin@gmail.com | Subject: New Sign-In
[2026-07-30 18:25:12] Status: SUCCESS | To: ahilcicillin@gmail.com | Subject: New Sign-In
[2026-07-30 18:25:12] Status: SUCCESS | To: ahilcicillin@gmail.com | Subject: New Sign-In
[2026-07-30 18:33:31] Status: SUCCESS | To: ahilcicillin@gmail.com | Subject: New Sign-In
[2026-07-30 18:33:31] Status: SUCCESS | To: ahilcicillin@gmail.com | Subject: New Sign-In
[2026-07-30 18:35:11] Status: SUCCESS | To: ahilcicillin@gmail.com | Subject: New Sign-In
[2026-07-30 18:35:11] Status: SUCCESS | To: ahilcicillin@gmail.com | Subject: New Sign-In
[2026-07-30 18:37:10] Status: SUCCESS | To: ahilcicillin@gmail.com | Subject: New Sign-In
[2026-07-30 18:37:10] Status: SUCCESS | To: ahilcicillin@gmail.com | Subject: New Sign-In
[2026-07-30 18:55:00] Status: SUCCESS | To: ahilcicillin@gmail.com | Subject: New Sign-In
[2026-07-30 18:55:00] Status: SUCCESS | To: ahilcicillin@gmail.com | Subject: New Sign-In
[2026-07-30 18:58:13] Status: SUCCESS | To: ahilcicillin@gmail.com | Subject: New Sign-In
[2026-07-30 18:58:13] Status: SUCCESS | To: ahilcicillin@gmail.com | Subject: New Sign-In
[2026-07-31 10:26:58] Status: SUCCESS | To: ahilcicillin@gmail.com | Subject: New Sign-In
[2026-07-31 10:26:58] Status: SUCCESS | To: ahilcicillin@gmail.com | Subject: New Sign-In
[2026-07-31 12:22:06] Status: SUCCESS | To: ahilcicillin@gmail.com | Subject: New Sign-In
[2026-07-31 12:22:06] Status: SUCCESS | To: ahilcicillin@gmail.com | Subject: New Sign-In
[2026-07-31 12:53:55] Status: SUCCESS | To: ahilcicillin@gmail.com | Subject: New Sign-In
[2026-07-31 12:53:55] Status: SUCCESS | To: ahilcicillin@gmail.com | Subject: New Sign-In
[2026-07-31 13:15:16] Status: SUCCESS | To: ahilcicillin@gmail.com | Subject: New Sign-In
[2026-07-31 13:15:16] Status: SUCCESS | To: ahilcicillin@gmail.com | Subject: New Sign-In
[2026-07-31 13:29:50] Status: SUCCESS | To: ahilcicillin@gmail.com | Subject: New Sign-In
[2026-07-31 13:29:50] Status: SUCCESS | To: ahilcicillin@gmail.com | Subject: New Sign-In
[2026-08-03 19:01:06] Status: SUCCESS | To: ahilcicillin@gmail.com | Subject: New Sign-In
[2026-08-03 19:01:06] Status: SUCCESS | To: ahilcicillin@gmail.com | Subject: New Sign-In
[2026-08-03 19:07:17] Status: SUCCESS | To: ahilcicillin@gmail.com | Subject: New Sign-In
[2026-08-03 19:07:17] Status: SUCCESS | To: ahilcicillin@gmail.com | Subject: New Sign-In
[2026-08-03 19:08:04] Status: SUCCESS | To: ahilcicillin@gmail.com | Subject: New Sign-In
[2026-08-03 19:08:04] Status: SUCCESS | To: ahilcicillin@gmail.com | Subject: New Sign-In
[2026-08-03 19:09:36] Status: SUCCESS | To: ahilcicillin@gmail.com | Subject: New Sign-In
[2026-08-03 19:09:36] Status: SUCCESS | To: ahilcicillin@gmail.com | Subject: New Sign-In
[2026-08-05 09:45:07] Status: SUCCESS | To: ahilcicillin@gmail.com | Subject: New Sign-In
[2026-08-05 09:45:07] Status: SUCCESS | To: ahilcicillin@gmail.com | Subject: New Sign-In
[2026-08-05 09:45:13] Status: SUCCESS | To: ahilcicillin@gmail.com | Subject: New Sign-In
[2026-08-05 09:45:13] Status: SUCCESS | To: ahilcicillin@gmail.com | Subject: New Sign-In
[2026-08-05 09:46:04] Status: SUCCESS | To: ahilcicillin@gmail.com | Subject: New Sign-In
[2026-08-05 09:46:04] Status: SUCCESS | To: ahilcicillin@gmail.com | Subject: New Sign-In
[2026-08-05 09:46:26] Status: SUCCESS | To: ahilcicillin@gmail.com | Subject: New Sign-In
[2026-08-05 09:46:26] Status: SUCCESS | To: ahilcicillin@gmail.com | Subject: New Sign-In
[2026-08-05 09:46:43] Status: SUCCESS | To: ahilcicillin@gmail.com | Subject: New Sign-In
[2026-08-05 09:46:43] Status: SUCCESS | To: ahilcicillin@gmail.com | Subject: New Sign-In
[2026-08-05 09:47:41] Status: SUCCESS | To: ahilcicillin@gmail.com | Subject: New Sign-In
[2026-08-05 09:47:41] Status: SUCCESS | To: ahilcicillin@gmail.com | Subject: New Sign-In
[2026-08-05 09:48:05] Status: SUCCESS | To: ahilcicillin@gmail.com | Subject: New Sign-In
[2026-08-05 09:48:05] Status: SUCCESS | To: ahilcicillin@gmail.com | Subject: New Sign-In
[2026-08-05 09:52:06] Status: SUCCESS | To: ahilcicillin@gmail.com | Subject: New Sign-In
[2026-08-05 09:52:06] Status: SUCCESS | To: ahilcicillin@gmail.com | Subject: New Sign-In
[2026-08-05 09:55:19] Status: SUCCESS | To: ahilcicillin@gmail.com | Subject: New Sign-In
[2026-08-05 09:55:19] Status: SUCCESS | To: ahilcicillin@gmail.com | Subject: New Sign-In
[2026-08-05 09:57:00] Status: SUCCESS | To: ahilcicillin@gmail.com | Subject: New Sign-In
[2026-08-05 09:57:00] Status: SUCCESS | To: ahilcicillin@gmail.com | Subject: New Sign-In
[2026-08-05 09:58:41] Status: SUCCESS | To: ahilcicillin@gmail.com | Subject: New Sign-In
[2026-08-05 09:58:41] Status: SUCCESS | To: ahilcicillin@gmail.com | Subject: New Sign-In
[2026-08-05 10:00:12] Status: SUCCESS | To: ahilcicillin@gmail.com | Subject: New Sign-In
[2026-08-05 10:00:12] Status: SUCCESS | To: ahilcicillin@gmail.com | Subject: New Sign-In
[2026-08-05 10:01:25] Status: SUCCESS | To: ahilcicillin@gmail.com | Subject: New Sign-In
[2026-08-05 10:01:25] Status: SUCCESS | To: ahilcicillin@gmail.com | Subject: New Sign-In
[2026-08-05 10:02:07] Status: SUCCESS | To: ahilcicillin@gmail.com | Subject: New Sign-In
[2026-08-05 10:02:07] Status: SUCCESS | To: ahilcicillin@gmail.com | Subject: New Sign-In
[2026-08-05 10:02:40] Status: SUCCESS | To: ahilcicillin@gmail.com | Subject: New Sign-In
[2026-08-05 10:02:40] Status: SUCCESS | To: ahilcicillin@gmail.com | Subject: New Sign-In
[2026-08-05 10:03:32] Status: SUCCESS | To: ahilcicillin@gmail.com | Subject: New Sign-In
[2026-08-05 10:03:32] Status: SUCCESS | To: ahilcicillin@gmail.com | Subject: New Sign-In
[2026-08-05 10:04:32] Status: SUCCESS | To: ahilcicillin@gmail.com | Subject: New Sign-In
[2026-08-05 10:04:32] Status: SUCCESS | To: ahilcicillin@gmail.com | Subject: New Sign-In
[2026-08-05 10:12:04] Status: SUCCESS | To: ahilcicillin@gmail.com | Subject: New Sign-In
[2026-08-05 10:12:04] Status: SUCCESS | To: ahilcicillin@gmail.com | Subject: New Sign-In
[2026-08-05 10:15:58] Status: SUCCESS | To: ahilcicillin@gmail.com | Subject: New Sign-In
[2026-08-05 10:15:58] Status: SUCCESS | To: ahilcicillin@gmail.com | Subject: New Sign-In
[2026-08-05 10:21:30] Status: SUCCESS | To: ahilcicillin@gmail.com | Subject: New Sign-In
[2026-08-05 10:21:30] Status: SUCCESS | To: ahilcicillin@gmail.com | Subject: New Sign-In
[2026-08-05 10:23:09] Status: SUCCESS | To: ahilcicillin@gmail.com | Subject: New Sign-In
[2026-08-05 10:23:09] Status: SUCCESS | To: ahilcicillin@gmail.com | Subject: New Sign-In
[2026-08-05 10:23:53] Status: SUCCESS | To: ahilcicillin@gmail.com | Subject: New Sign-In
[2026-08-05 10:23:53] Status: SUCCESS | To: ahilcicillin@gmail.com | Subject: New Sign-In
[2026-08-05 10:24:27] Status: SUCCESS | To: ahilcicillin@gmail.com | Subject: New Sign-In
[2026-08-05 10:24:27] Status: SUCCESS | To: ahilcicillin@gmail.com | Subject: New Sign-In
[2026-08-05 10:28:20] Status: SUCCESS | To: ahilcicillin@gmail.com | Subject: New Sign-In
[2026-08-05 10:28:20] Status: SUCCESS | To: ahilcicillin@gmail.com | Subject: New Sign-In
[2026-08-05 10:32:29] Status: SUCCESS | To: ahilcicillin@gmail.com | Subject: New Sign-In
[2026-08-05 10:32:29] Status: SUCCESS | To: ahilcicillin@gmail.com | Subject: New Sign-In
[2026-08-05 10:32:38] Status: SUCCESS | To: ahilcicillin@gmail.com | Subject: New Sign-In
[2026-08-05 10:32:38] Status: SUCCESS | To: ahilcicillin@gmail.com | Subject: New Sign-In
[2026-08-05 10:33:08] Status: SUCCESS | To: ahilcicillin@gmail.com | Subject: New Sign-In
[2026-08-05 10:33:08] Status: SUCCESS | To: ahilcicillin@gmail.com | Subject: New Sign-In
[2026-08-05 10:33:25] Status: SUCCESS | To: ahilcicillin@gmail.com | Subject: New Sign-In
[2026-08-05 10:33:25] Status: SUCCESS | To: ahilcicillin@gmail.com | Subject: New Sign-In
[2026-08-05 10:34:11] Status: SUCCESS | To: ahilcicillin@gmail.com | Subject: New Sign-In
[2026-08-05 10:34:11] Status: SUCCESS | To: ahilcicillin@gmail.com | Subject: New Sign-In
[2026-08-05 10:38:38] Status: SUCCESS | To: ahilcicillin@gmail.com | Subject: New Sign-In
[2026-08-05 10:38:38] Status: SUCCESS | To: ahilcicillin@gmail.com | Subject: New Sign-In
[2026-08-05 10:38:44] Status: SUCCESS | To: ahilcicillin@gmail.com | Subject: New Sign-In
[2026-08-05 10:38:44] Status: SUCCESS | To: ahilcicillin@gmail.com | Subject: New Sign-In
[2026-08-05 10:40:44] Status: SUCCESS | To: ahilcicillin@gmail.com | Subject: New Sign-In
[2026-08-05 10:40:44] Status: SUCCESS | To: ahilcicillin@gmail.com | Subject: New Sign-In
[2026-08-05 10:42:03] Status: SUCCESS | To: ahilcicillin@gmail.com | Subject: New Sign-In
[2026-08-05 10:42:03] Status: SUCCESS | To: ahilcicillin@gmail.com | Subject: New Sign-In
[2026-08-05 10:43:04] Status: SUCCESS | To: ahilcicillin@gmail.com | Subject: New Sign-In
[2026-08-05 10:43:04] Status: SUCCESS | To: ahilcicillin@gmail.com | Subject: New Sign-In
[2026-08-05 10:43:23] Status: SUCCESS | To: ahilcicillin@gmail.com | Subject: New Sign-In
[2026-08-05 10:43:23] Status: SUCCESS | To: ahilcicillin@gmail.com | Subject: New Sign-In
[2026-08-05 10:43:46] Status: SUCCESS | To: ahilcicillin@gmail.com | Subject: New Sign-In
[2026-08-05 10:43:46] Status: SUCCESS | To: ahilcicillin@gmail.com | Subject: New Sign-In
[2026-08-05 10:51:13] Status: SUCCESS | To: ahilcicillin@gmail.com | Subject: New Sign-In
[2026-08-05 10:51:13] Status: SUCCESS | To: ahilcicillin@gmail.com | Subject: New Sign-In
[2026-08-05 11:02:57] Status: SUCCESS | To: ahilcicillin@gmail.com | Subject: New Sign-In
[2026-08-05 11:02:57] Status: SUCCESS | To: ahilcicillin@gmail.com | Subject: New Sign-In
[2026-08-05 11:03:21] Status: SUCCESS | To: ahilcicillin@gmail.com | Subject: New Sign-In
[2026-08-05 11:03:21] Status: SUCCESS | To: ahilcicillin@gmail.com | Subject: New Sign-In
[2026-08-05 11:03:29] Status: SUCCESS | To: ahilcicillin@gmail.com | Subject: New Sign-In
[2026-08-05 11:03:29] Status: SUCCESS | To: ahilcicillin@gmail.com | Subject: New Sign-In
[2026-08-05 11:09:05] Status: SUCCESS | To: ahilcicillin@gmail.com | Subject: New Sign-In
[2026-08-05 11:09:05] Status: SUCCESS | To: ahilcicillin@gmail.com | Subject: New Sign-In
[2026-08-05 11:11:54] Status: SUCCESS | To: ahilcicillin@gmail.com | Subject: New Sign-In
[2026-08-05 11:11:54] Status: SUCCESS | To: ahilcicillin@gmail.com | Subject: New Sign-In
[2026-08-05 11:12:03] Status: SUCCESS | To: ahilcicillin@gmail.com | Subject: New Sign-In
[2026-08-05 11:12:03] Status: SUCCESS | To: ahilcicillin@gmail.com | Subject: New Sign-In
[2026-08-05 11:12:24] Status: SUCCESS | To: ahil22005.it@rmkec.ac.in | Subject: Verify your email - Backend Institutions
[2026-08-05 11:12:24] Status: SUCCESS | To: ahil22005.it@rmkec.ac.in | Subject: Verify your email - Backend Institutions
[2026-08-05 11:13:34] Status: SUCCESS | To: ahil22005.it@rmkec.ac.in | Subject: New Sign-In
[2026-08-05 11:13:34] Status: SUCCESS | To: ahil22005.it@rmkec.ac.in | Subject: New Sign-In
[2026-08-05 11:13:57] Status: SUCCESS | To: ahilcicillin@gmail.com | Subject: New Sign-In
[2026-08-05 11:13:57] Status: SUCCESS | To: ahilcicillin@gmail.com | Subject: New Sign-In
[2026-08-05 11:14:37] Status: SUCCESS | To: ahil22005.it@rmkec.ac.in | Subject: New Sign-In
[2026-08-05 11:14:37] Status: SUCCESS | To: ahil22005.it@rmkec.ac.in | Subject: New Sign-In
[2026-08-05 11:20:08] Status: SUCCESS | To: ahil22005.it@rmkec.ac.in | Subject: New Sign-In
[2026-08-05 11:20:08] Status: SUCCESS | To: ahil22005.it@rmkec.ac.in | Subject: New Sign-In
[2026-08-05 11:22:38] Status: SUCCESS | To: ahil22005.it@rmkec.ac.in | Subject: New Sign-In
[2026-08-05 11:22:38] Status: SUCCESS | To: ahil22005.it@rmkec.ac.in | Subject: New Sign-In
[2026-08-05 11:22:46] Status: SUCCESS | To: ahil22005.it@rmkec.ac.in | Subject: New Sign-In
[2026-08-05 11:22:46] Status: SUCCESS | To: ahil22005.it@rmkec.ac.in | Subject: New Sign-In
[2026-08-05 11:23:26] Status: SUCCESS | To: ahil22005.it@rmkec.ac.in | Subject: New Sign-In
[2026-08-05 11:23:26] Status: SUCCESS | To: ahil22005.it@rmkec.ac.in | Subject: New Sign-In
[2026-08-05 11:24:45] Status: SUCCESS | To: ahil22005.it@rmkec.ac.in | Subject: New Sign-In
[2026-08-05 11:24:45] Status: SUCCESS | To: ahil22005.it@rmkec.ac.in | Subject: New Sign-In
[2026-08-05 11:24:57] Status: SUCCESS | To: ahil22005.it@rmkec.ac.in | Subject: New Sign-In
[2026-08-05 11:24:57] Status: SUCCESS | To: ahil22005.it@rmkec.ac.in | Subject: New Sign-In
[2026-08-05 11:26:52] Status: SUCCESS | To: ahil22005.it@rmkec.ac.in | Subject: New Sign-In
[2026-08-05 11:26:52] Status: SUCCESS | To: ahil22005.it@rmkec.ac.in | Subject: New Sign-In
[2026-08-10 17:06:37] Status: SUCCESS | To: ahilcicillin@gmail.com | Subject: New Sign-In
[2026-08-10 17:06:37] Status: SUCCESS | To: ahilcicillin@gmail.com | Subject: New Sign-In
[2026-08-10 17:07:20] Status: SUCCESS | To: ahilcicillin@gmail.com | Subject: New Sign-In
[2026-08-10 17:07:20] Status: SUCCESS | To: ahilcicillin@gmail.com | Subject: New Sign-In
[2026-08-10 17:08:23] Status: SUCCESS | To: ahilcicillin@gmail.com | Subject: New Sign-In
[2026-08-10 17:08:23] Status: SUCCESS | To: ahilcicillin@gmail.com | Subject: New Sign-In
[2026-08-10 17:11:34] Status: SUCCESS | To: ahilcicillin@gmail.com | Subject: New Sign-In
[2026-08-10 17:11:34] Status: SUCCESS | To: ahilcicillin@gmail.com | Subject: New Sign-In
[2026-08-10 18:03:03] Status: SUCCESS | To: ahilcicillin@gmail.com | Subject: New Sign-In
[2026-08-10 18:03:03] Status: SUCCESS | To: ahilcicillin@gmail.com | Subject: New Sign-In
[2026-08-10 18:07:04] Status: SUCCESS | To: ahilcicillin@gmail.com | Subject: New Sign-In
[2026-08-10 18:07:04] Status: SUCCESS | To: ahilcicillin@gmail.com | Subject: New Sign-In
[2026-08-10 18:22:35] Status: SUCCESS | To: ahilcicillin@gmail.com | Subject: New Sign-In
[2026-08-10 18:22:35] Status: SUCCESS | To: ahilcicillin@gmail.com | Subject: New Sign-In
[2026-08-12 20:59:48] Status: SUCCESS | To: ahilcicillin@gmail.com | Subject: New Sign-In
[2026-08-12 20:59:48] Status: SUCCESS | To: ahilcicillin@gmail.com | Subject: New Sign-In
[2026-08-12 21:09:06] Status: SUCCESS | To: television85599@gmail.com | Subject: Verify your email - Backend Institutions
[2026-08-12 21:09:06] Status: SUCCESS | To: television85599@gmail.com | Subject: Verify your email - Backend Institutions
[2026-08-12 21:11:24] Status: SUCCESS | To: television85599@gmail.com | Subject: Verify your email - Backend Institutions
[2026-08-12 21:11:24] Status: SUCCESS | To: television85599@gmail.com | Subject: Verify your email - Backend Institutions
[2026-08-12 21:13:21] Status: SUCCESS | To: ahil22005.it@rmkec.ac.in | Subject: Verify your email - Backend Institutions
[2026-08-12 21:13:21] Status: SUCCESS | To: ahil22005.it@rmkec.ac.in | Subject: Verify your email - Backend Institutions
[2026-08-12 21:14:40] Status: SUCCESS | To: ahil22005.it@rmkec.ac.in | Subject: New Sign-In
[2026-08-12 21:14:40] Status: SUCCESS | To: ahil22005.it@rmkec.ac.in | Subject: New Sign-In
[2026-08-12 21:24:07] Status: SUCCESS | To: pass@example.com | Subject: Verify your email - Backend Institutions
[2026-08-12 21:24:07] Status: SUCCESS | To: pass@example.com | Subject: Verify your email - Backend Institutions
[2026-08-12 21:24:38] Status: SUCCESS | To: pass@example.com | Subject: Verify your email - Backend Institutions
[2026-08-12 21:24:38] Status: SUCCESS | To: pass@example.com | Subject: Verify your email - Backend Institutions
[2026-08-12 21:26:28] Status: SUCCESS | To: ahilcicillin@gmail.com | Subject: New Sign-In
[2026-08-12 21:26:28] Status: SUCCESS | To: ahilcicillin@gmail.com | Subject: New Sign-In
[2026-08-12 21:42:23] Status: SUCCESS | To: diwif40782@mrworlds.com | Subject: Verify your email - Backend Institutions
[2026-08-12 21:42:23] Status: SUCCESS | To: diwif40782@mrworlds.com | Subject: Verify your email - Backend Institutions
[2026-08-12 21:45:30] Status: SUCCESS | To: diwif40782@mrworlds.com | Subject: Verify your email - Backend Institutions
[2026-08-12 21:45:30] Status: SUCCESS | To: diwif40782@mrworlds.com | Subject: Verify your email - Backend Institutions
[2026-08-12 21:47:11] Status: SUCCESS | To: diwif40782@mrworlds.com | Subject: Forgot Password mail
[2026-08-12 21:47:11] Status: SUCCESS | To: diwif40782@mrworlds.com | Subject: Forgot Password mail
[2026-08-12 23:01:35] Status: SUCCESS | To: ahilcicillin@gmail.com | Subject: New Sign-In
[2026-08-12 23:01:35] Status: SUCCESS | To: ahilcicillin@gmail.com | Subject: New Sign-In
[2026-08-12 23:03:18] Status: SUCCESS | To: pass@example.com | Subject: Verify your email - Backend Institutions
[2026-08-12 23:03:18] Status: SUCCESS | To: pass@example.com | Subject: Verify your email - Backend Institutions
[2026-08-12 23:10:03] Status: SUCCESS | To: pass@example.com | Subject: Verify your email - Backend Institutions
[2026-08-12 23:10:03] Status: SUCCESS | To: pass@example.com | Subject: Verify your email - Backend Institutions
[2026-08-12 23:10:28] Status: SUCCESS | To: pass@example.com | Subject: Verify your email - Backend Institutions
[2026-08-12 23:10:28] Status: SUCCESS | To: pass@example.com | Subject: Verify your email - Backend Institutions
[2026-08-12 23:13:42] Status: SUCCESS | To: pass@example.com | Subject: Verify your email - Backend Institutions
[2026-08-12 23:13:42] Status: SUCCESS | To: pass@example.com | Subject: Verify your email - Backend Institutions
[2026-08-12 23:14:59] Status: SUCCESS | To: ahilcicillin@gmail.com | Subject: New Sign-In
[2026-08-12 23:14:59] Status: SUCCESS | To: ahilcicillin@gmail.com | Subject: New Sign-In
[2026-08-12 23:15:08] Status: SUCCESS | To: pass@example.com | Subject: Verify your email - Backend Institutions
[2026-08-12 23:15:08] Status: SUCCESS | To: pass@example.com | Subject: Verify your email - Backend Institutions
[2026-08-12 23:17:53] Status: SUCCESS | To: pass@example.com | Subject: Verify your email - Backend Institutions
[2026-08-12 23:17:53] Status: SUCCESS | To: pass@example.com | Subject: Verify your email - Backend Institutions
[2026-08-12 23:21:10] Status: SUCCESS | To: pass@example.com | Subject: Verify your email - Backend Institutions
[2026-08-12 23:21:10] Status: SUCCESS | To: pass@example.com | Subject: Verify your email - Backend Institutions
[2026-08-12 23:25:50] Status: SUCCESS | To: pass@example.com | Subject: Verify your email - Backend Institutions
[2026-08-12 23:25:50] Status: SUCCESS | To: pass@example.com | Subject: Verify your email - Backend Institutions
[2026-08-12 23:28:11] Status: SUCCESS | To: pass@example.com | Subject: Verify your email - Backend Institutions
[2026-08-12 23:28:11] Status: SUCCESS | To: pass@example.com | Subject: Verify your email - Backend Institutions
[2026-08-12 23:30:56] Status: SUCCESS | To: ahilcicillin@gmail.com | Subject: New Sign-In
[2026-08-12 23:30:56] Status: SUCCESS | To: ahilcicillin@gmail.com | Subject: New Sign-In
[2026-08-12 23:36:04] Status: SUCCESS | To: pass@example.com | Subject: Verify your email - Backend Institutions
[2026-08-12 23:36:04] Status: SUCCESS | To: pass@example.com | Subject: Verify your email - Backend Institutions
[2026-08-12 23:39:53] Status: SUCCESS | To: pass@example.com | Subject: Verify your email - Backend Institutions
[2026-08-12 23:39:53] Status: SUCCESS | To: pass@example.com | Subject: Verify your email - Backend Institutions
[2026-08-12 23:46:08] Status: SUCCESS | To: ahilcicillin@gmail.com | Subject: New Sign-In
[2026-08-12 23:46:08] Status: SUCCESS | To: ahilcicillin@gmail.com | Subject: New Sign-In
[2026-08-13 13:10:17] Status: SUCCESS | To: ahilcicillin@gmail.com | Subject: New Sign-In
[2026-08-13 13:10:17] Status: SUCCESS | To: ahilcicillin@gmail.com | Subject: New Sign-In
[2026-08-13 13:15:52] Status: SUCCESS | To: television85599@gmail.com | Subject: Verify your email - Backend Institutions
[2026-08-13 13:15:52] Status: SUCCESS | To: television85599@gmail.com | Subject: Verify your email - Backend Institutions
[2026-08-13 13:19:42] Status: SUCCESS | To: television85599@gmail.com | Subject: New Sign-In
[2026-08-13 13:19:42] Status: SUCCESS | To: television85599@gmail.com | Subject: New Sign-In
[2026-08-13 13:34:39] Status: SUCCESS | To: ahil22005.it@rmkec.ac.in | Subject: Verify your email - Backend Institutions
[2026-08-13 13:34:39] Status: SUCCESS | To: ahil22005.it@rmkec.ac.in | Subject: Verify your email - Backend Institutions
[2026-08-13 13:36:27] Status: SUCCESS | To: television85599@gmail.com | Subject: New Sign-In
[2026-08-13 13:36:27] Status: SUCCESS | To: television85599@gmail.com | Subject: New Sign-In
[2026-08-13 13:36:43] Status: SUCCESS | To: ahilcicillin@gmail.com | Subject: New Sign-In
[2026-08-13 13:36:43] Status: SUCCESS | To: ahilcicillin@gmail.com | Subject: New Sign-In
[2026-08-13 13:36:58] Status: SUCCESS | To: ahil22005.it@rmkec.ac.in | Subject: New Sign-In
[2026-08-13 13:36:58] Status: SUCCESS | To: ahil22005.it@rmkec.ac.in | Subject: New Sign-In
[2026-08-13 13:37:31] Status: SUCCESS | To: ahilcicillin@gmail.com | Subject: New Sign-In
[2026-08-13 13:37:31] Status: SUCCESS | To: ahilcicillin@gmail.com | Subject: New Sign-In
[2026-08-13 13:38:30] Status: SUCCESS | To: ahil22005.it@rmkec.ac.in | Subject: New Sign-In
[2026-08-13 13:38:30] Status: SUCCESS | To: ahil22005.it@rmkec.ac.in | Subject: New Sign-In
[2026-08-13 13:38:39] Status: SUCCESS | To: ahilcicillin@gmail.com | Subject: New Sign-In
[2026-08-13 13:38:39] Status: SUCCESS | To: ahilcicillin@gmail.com | Subject: New Sign-In
[2026-08-13 13:51:18] Status: SUCCESS | To: ahil22005.it@rmkec.ac.in | Subject: New Sign-In
[2026-08-13 13:51:18] Status: SUCCESS | To: ahil22005.it@rmkec.ac.in | Subject: New Sign-In
[2026-08-13 13:51:48] Status: SUCCESS | To: television85599@gmail.com | Subject: New Sign-In
[2026-08-13 13:51:48] Status: SUCCESS | To: television85599@gmail.com | Subject: New Sign-In
[2026-08-13 14:25:28] Status: SUCCESS | To: ahilcicillin@gmail.com | Subject: New Sign-In
[2026-08-13 14:25:28] Status: SUCCESS | To: ahilcicillin@gmail.com | Subject: New Sign-In
[2026-08-13 14:25:45] Status: SUCCESS | To: ahil22005.it@rmkec.ac.in | Subject: New Sign-In
[2026-08-13 14:25:45] Status: SUCCESS | To: ahil22005.it@rmkec.ac.in | Subject: New Sign-In
[2026-08-13 14:30:19] Status: SUCCESS | To: ahilcicillin@gmail.com | Subject: New Sign-In
[2026-08-13 14:30:19] Status: SUCCESS | To: ahilcicillin@gmail.com | Subject: New Sign-In
[2026-08-13 15:07:18] Status: SUCCESS | To: television85599@gmail.com | Subject: New Sign-In
[2026-08-13 15:07:18] Status: SUCCESS | To: television85599@gmail.com | Subject: New Sign-In
[2026-08-13 15:30:16] Status: SUCCESS | To: ahilcicillin@gmail.com | Subject: New Sign-In
[2026-08-13 15:30:16] Status: SUCCESS | To: ahilcicillin@gmail.com | Subject: New Sign-In
[2026-08-13 15:43:05] Status: SUCCESS | To: television85599@gmail.com | Subject: New Sign-In
[2026-08-13 15:43:05] Status: SUCCESS | To: television85599@gmail.com | Subject: New Sign-In
[2026-08-13 15:52:30] Status: SUCCESS | To: television85599@gmail.com | Subject: New Sign-In
[2026-08-13 15:52:30] Status: SUCCESS | To: television85599@gmail.com | Subject: New Sign-In
[2026-08-13 15:54:55] Status: SUCCESS | To: television85599@gmail.com | Subject: New Sign-In
[2026-08-13 15:54:55] Status: SUCCESS | To: television85599@gmail.com | Subject: New Sign-In
[2026-08-13 16:10:29] Status: SUCCESS | To: television85599@gmail.com | Subject: New Sign-In
[2026-08-13 16:10:29] Status: SUCCESS | To: television85599@gmail.com | Subject: New Sign-In
[2026-08-13 16:29:32] Status: SUCCESS | To: television85599@gmail.com | Subject: New Sign-In
[2026-08-13 16:29:32] Status: SUCCESS | To: television85599@gmail.com | Subject: New Sign-In
[2026-08-13 16:30:49] Status: SUCCESS | To: ahilcicillin@gmail.com | Subject: New Sign-In
[2026-08-13 16:30:49] Status: SUCCESS | To: ahilcicillin@gmail.com | Subject: New Sign-In
[2026-08-13 16:45:40] Status: SUCCESS | To: television85599@gmail.com | Subject: New Sign-In
[2026-08-13 16:45:40] Status: SUCCESS | To: television85599@gmail.com | Subject: New Sign-In
[2026-08-13 18:05:51] Status: SUCCESS | To: television85599@gmail.com | Subject: New Sign-In
[2026-08-13 18:05:51] Status: SUCCESS | To: television85599@gmail.com | Subject: New Sign-In
[2026-08-13 18:10:57] Status: SUCCESS | To: television85599@gmail.com | Subject: New Sign-In
[2026-08-13 18:10:57] Status: SUCCESS | To: television85599@gmail.com | Subject: New Sign-In
[2026-08-13 18:21:06] Status: SUCCESS | To: ahilcicillin@gmail.com | Subject: New Sign-In
[2026-08-13 18:21:06] Status: SUCCESS | To: ahilcicillin@gmail.com | Subject: New Sign-In
[2026-08-13 18:22:27] Status: SUCCESS | To: television85599@gmail.com | Subject: New Sign-In
[2026-08-13 18:22:27] Status: SUCCESS | To: television85599@gmail.com | Subject: New Sign-In
[2026-08-13 18:24:33] Status: SUCCESS | To: television85599@gmail.com | Subject: New Sign-In
[2026-08-13 18:24:33] Status: SUCCESS | To: television85599@gmail.com | Subject: New Sign-In
[2026-08-13 19:14:44] Status: SUCCESS | To: ahilcicillin@gmail.com | Subject: New Sign-In
[2026-08-13 19:14:44] Status: SUCCESS | To: ahilcicillin@gmail.com | Subject: New Sign-In
[2026-08-13 19:22:22] Status: SUCCESS | To: ahilcicillin@gmail.com | Subject: New Sign-In
[2026-08-13 19:22:22] Status: SUCCESS | To: ahilcicillin@gmail.com | Subject: New Sign-In
[2026-08-13 19:23:15] Status: SUCCESS | To: pejip54554@luhupo.com | Subject: Verify your email - Backend Institutions
[2026-08-13 19:23:15] Status: SUCCESS | To: pejip54554@luhupo.com | Subject: Verify your email - Backend Institutions
[2026-08-13 19:27:04] Status: SUCCESS | To: kocol92430@hutdot.com | Subject: Verify your email - Backend Institutions
[2026-08-13 19:27:04] Status: SUCCESS | To: kocol92430@hutdot.com | Subject: Verify your email - Backend Institutions
[2026-08-13 19:30:45] Status: SUCCESS | To: ahilcicillin@gmail.com | Subject: New Sign-In
[2026-08-13 19:30:45] Status: SUCCESS | To: ahilcicillin@gmail.com | Subject: New Sign-In
[2026-08-13 19:30:52] Status: SUCCESS | To: ahil22005.it@rmkec.ac.in | Subject: New Sign-In
[2026-08-13 19:30:52] Status: SUCCESS | To: ahil22005.it@rmkec.ac.in | Subject: New Sign-In
[2026-08-13 19:31:03] Status: SUCCESS | To: ahilcicillin@gmail.com | Subject: New Sign-In
[2026-08-13 19:31:03] Status: SUCCESS | To: ahilcicillin@gmail.com | Subject: New Sign-In
[2026-08-13 19:31:33] Status: SUCCESS | To: ahil22005.it@rmkec.ac.in | Subject: New Sign-In
[2026-08-13 19:31:33] Status: SUCCESS | To: ahil22005.it@rmkec.ac.in | Subject: New Sign-In
[2026-08-13 19:32:55] Status: SUCCESS | To: ahil22005.it@rmkec.ac.in | Subject: New Sign-In
[2026-08-13 19:32:55] Status: SUCCESS | To: ahil22005.it@rmkec.ac.in | Subject: New Sign-In
[2026-08-13 19:34:57] Status: SUCCESS | To: ahilcicillin@gmail.com | Subject: New Sign-In
[2026-08-13 19:34:57] Status: SUCCESS | To: ahilcicillin@gmail.com | Subject: New Sign-In
[2026-08-14 09:30:37] Status: SUCCESS | To: pejip54554@luhupo.com | Subject: New Sign-In
[2026-08-14 09:30:37] Status: SUCCESS | To: pejip54554@luhupo.com | Subject: New Sign-In
[2026-08-14 09:30:56] Status: SUCCESS | To: ahilcicillin@gmail.com | Subject: New Sign-In
[2026-08-14 09:30:56] Status: SUCCESS | To: ahilcicillin@gmail.com | Subject: New Sign-In
[2026-08-14 09:31:24] Status: SUCCESS | To: pejip54554@luhupo.com | Subject: New Sign-In
[2026-08-14 09:31:24] Status: SUCCESS | To: pejip54554@luhupo.com | Subject: New Sign-In
[2026-08-14 10:26:18] Status: SUCCESS | To: ahilcicillin@gmail.com | Subject: New Sign-In
[2026-08-14 10:26:18] Status: SUCCESS | To: ahilcicillin@gmail.com | Subject: New Sign-In
[2026-08-14 10:44:38] Status: SUCCESS | To: customer_new@gmail.com | Subject: Verify your email - Backend Institutions
[2026-08-14 10:44:38] Status: SUCCESS | To: customer_new@gmail.com | Subject: Verify your email - Backend Institutions
[2026-08-14 10:44:47] Status: SUCCESS | To: vendor_new@gmail.com | Subject: Verify your email - Backend Institutions
[2026-08-14 10:44:47] Status: SUCCESS | To: vendor_new@gmail.com | Subject: Verify your email - Backend Institutions
[2026-08-14 10:44:58] Status: SUCCESS | To: student_new@gmail.com | Subject: Verify your email - Backend Institutions
[2026-08-14 10:44:58] Status: SUCCESS | To: student_new@gmail.com | Subject: Verify your email - Backend Institutions
[2026-08-14 10:52:55] Status: SUCCESS | To: vifeg15987@neplis.com | Subject: Verify your email - Backend Institutions
[2026-08-14 10:52:55] Status: SUCCESS | To: vifeg15987@neplis.com | Subject: Verify your email - Backend Institutions
[2026-08-14 10:54:09] Status: SUCCESS | To: vifeg15987@neplis.com | Subject: New Sign-In
[2026-08-14 10:54:09] Status: SUCCESS | To: vifeg15987@neplis.com | Subject: New Sign-In
[2026-08-14 10:58:39] Status: SUCCESS | To: dahakos678@neplis.com | Subject: Verify your email - Backend Institutions
[2026-08-14 10:58:39] Status: SUCCESS | To: dahakos678@neplis.com | Subject: Verify your email - Backend Institutions
[2026-08-14 11:00:22] Status: SUCCESS | To: dahakos678@neplis.com | Subject: New Sign-In
[2026-08-14 11:00:22] Status: SUCCESS | To: dahakos678@neplis.com | Subject: New Sign-In
[2026-08-14 11:09:38] Status: SUCCESS | To: samdjhdshdskdhj@gmail.com | Subject: Verify your email - Backend Institutions
[2026-08-14 11:09:38] Status: SUCCESS | To: samdjhdshdskdhj@gmail.com | Subject: Verify your email - Backend Institutions
[2026-08-14 11:10:41] Status: SUCCESS | To: vifeg15987@neplis.com | Subject: New Sign-In
[2026-08-14 11:10:41] Status: SUCCESS | To: vifeg15987@neplis.com | Subject: New Sign-In
[2026-08-14 11:14:05] Status: SUCCESS | To: vifeg15987@neplis.com | Subject: New Sign-In
[2026-08-14 11:14:05] Status: SUCCESS | To: vifeg15987@neplis.com | Subject: New Sign-In
[2026-08-14 11:30:17] Status: SUCCESS | To: ahilcicillin@gmail.com | Subject: New Sign-In
[2026-08-14 11:30:17] Status: SUCCESS | To: ahilcicillin@gmail.com | Subject: New Sign-In
[2026-08-14 11:30:46] Status: SUCCESS | To: vifeg15987@neplis.com | Subject: New Sign-In
[2026-08-14 11:30:46] Status: SUCCESS | To: vifeg15987@neplis.com | Subject: New Sign-In
[2026-08-14 11:46:41] Status: SUCCESS | To: vifeg15987@neplis.com | Subject: New Sign-In
[2026-08-14 11:46:41] Status: SUCCESS | To: vifeg15987@neplis.com | Subject: New Sign-In
[2026-08-14 12:04:08] Status: SUCCESS | To: vifeg15987@neplis.com | Subject: New Sign-In
[2026-08-14 12:04:08] Status: SUCCESS | To: vifeg15987@neplis.com | Subject: New Sign-In
[2026-08-14 12:40:23] Status: SUCCESS | To: bojep43706@luhupo.com | Subject: Verify your email - Backend Institutions
[2026-08-14 12:40:23] Status: SUCCESS | To: bojep43706@luhupo.com | Subject: Verify your email - Backend Institutions
[2026-08-14 12:41:23] Status: SUCCESS | To: bojep43706@luhupo.com | Subject: New Sign-In
[2026-08-14 12:41:23] Status: SUCCESS | To: bojep43706@luhupo.com | Subject: New Sign-In
[2026-08-14 13:29:45] Status: SUCCESS | To: ahilcicillin@gmail.com | Subject: New Sign-In
[2026-08-14 13:29:45] Status: SUCCESS | To: ahilcicillin@gmail.com | Subject: New Sign-In
[2026-08-14 13:32:03] Status: SUCCESS | To: cebay88021@luhupo.com | Subject: Verify your email - Backend Institutions
[2026-08-14 13:32:03] Status: SUCCESS | To: cebay88021@luhupo.com | Subject: Verify your email - Backend Institutions
[2026-08-14 13:32:37] Status: SUCCESS | To: cebay88021@luhupo.com | Subject: New Sign-In
[2026-08-14 13:32:37] Status: SUCCESS | To: cebay88021@luhupo.com | Subject: New Sign-In
[2026-08-14 13:33:19] Status: SUCCESS | To: pejip54554@luhupo.com | Subject: New Sign-In
[2026-08-14 13:33:19] Status: SUCCESS | To: pejip54554@luhupo.com | Subject: New Sign-In
[2026-08-14 13:38:12] Status: SUCCESS | To: cebay88021@luhupo.com | Subject: New Sign-In
[2026-08-14 13:38:12] Status: SUCCESS | To: cebay88021@luhupo.com | Subject: New Sign-In
[2026-08-14 13:41:23] Status: SUCCESS | To: cebay88021@luhupo.com | Subject: New Sign-In
[2026-08-14 13:41:23] Status: SUCCESS | To: cebay88021@luhupo.com | Subject: New Sign-In
[2026-08-14 13:44:07] Status: SUCCESS | To: cebay88021@luhupo.com | Subject: New Sign-In
[2026-08-14 13:44:07] Status: SUCCESS | To: cebay88021@luhupo.com | Subject: New Sign-In
[2026-08-14 13:46:02] Status: SUCCESS | To: vifeg15987@neplis.com | Subject: New Sign-In
[2026-08-14 13:46:02] Status: SUCCESS | To: vifeg15987@neplis.com | Subject: New Sign-In
[2026-08-14 13:50:44] Status: SUCCESS | To: vifeg15987@neplis.com | Subject: New Sign-In
[2026-08-14 13:50:44] Status: SUCCESS | To: vifeg15987@neplis.com | Subject: New Sign-In
[2026-08-14 13:51:38] Status: SUCCESS | To: vifeg15987@neplis.com | Subject: New Sign-In
[2026-08-14 13:51:38] Status: SUCCESS | To: vifeg15987@neplis.com | Subject: New Sign-In
[2026-08-14 13:53:14] Status: SUCCESS | To: vifeg15987@neplis.com | Subject: New Sign-In
[2026-08-14 13:53:14] Status: SUCCESS | To: vifeg15987@neplis.com | Subject: New Sign-In
[2026-08-14 13:55:47] Status: SUCCESS | To: vifeg15987@neplis.com | Subject: New Sign-In
[2026-08-14 13:55:47] Status: SUCCESS | To: vifeg15987@neplis.com | Subject: New Sign-In
[2026-08-14 13:56:19] Status: SUCCESS | To: vifeg15987@neplis.com | Subject: New Sign-In
[2026-08-14 13:56:19] Status: SUCCESS | To: vifeg15987@neplis.com | Subject: New Sign-In
[2026-08-14 13:57:01] Status: SUCCESS | To: vifeg15987@neplis.com | Subject: New Sign-In
[2026-08-14 13:57:01] Status: SUCCESS | To: vifeg15987@neplis.com | Subject: New Sign-In
[2026-08-14 14:04:05] Status: SUCCESS | To: vifeg15987@neplis.com | Subject: New Sign-In
[2026-08-14 14:04:05] Status: SUCCESS | To: vifeg15987@neplis.com | Subject: New Sign-In
[2026-08-14 14:07:02] Status: SUCCESS | To: vifeg15987@neplis.com | Subject: New Sign-In
[2026-08-14 14:07:02] Status: SUCCESS | To: vifeg15987@neplis.com | Subject: New Sign-In
[2026-08-14 14:07:24] Status: SUCCESS | To: vifeg15987@neplis.com | Subject: New Sign-In
[2026-08-14 14:07:24] Status: SUCCESS | To: vifeg15987@neplis.com | Subject: New Sign-In
[2026-08-14 14:11:29] Status: SUCCESS | To: vifeg15987@neplis.com | Subject: New Sign-In
[2026-08-14 14:11:29] Status: SUCCESS | To: vifeg15987@neplis.com | Subject: New Sign-In
[2026-08-14 14:14:10] Status: SUCCESS | To: bojep43706@luhupo.com | Subject: New Sign-In
[2026-08-14 14:14:10] Status: SUCCESS | To: bojep43706@luhupo.com | Subject: New Sign-In
[2026-08-14 14:14:33] Status: SUCCESS | To: bojep43706@luhupo.com | Subject: New Sign-In
[2026-08-14 14:14:33] Status: SUCCESS | To: bojep43706@luhupo.com | Subject: New Sign-In
[2026-08-14 14:16:05] Status: SUCCESS | To: bojep43706@luhupo.com | Subject: New Sign-In
[2026-08-14 14:16:05] Status: SUCCESS | To: bojep43706@luhupo.com | Subject: New Sign-In
[2026-08-14 14:16:48] Status: SUCCESS | To: bojep43706@luhupo.com | Subject: New Sign-In
[2026-08-14 14:16:48] Status: SUCCESS | To: bojep43706@luhupo.com | Subject: New Sign-In
[2026-08-14 14:17:03] Status: SUCCESS | To: vifeg15987@neplis.com | Subject: New Sign-In
[2026-08-14 14:17:03] Status: SUCCESS | To: vifeg15987@neplis.com | Subject: New Sign-In
[2026-08-14 14:18:22] Status: SUCCESS | To: television85599@gmail.com | Subject: New Sign-In
[2026-08-14 14:18:22] Status: SUCCESS | To: television85599@gmail.com | Subject: New Sign-In
[2026-08-14 15:26:52] Status: SUCCESS | To: vifeg15987@neplis.com | Subject: New Sign-In
[2026-08-14 15:26:52] Status: SUCCESS | To: vifeg15987@neplis.com | Subject: New Sign-In
[2026-08-14 15:28:04] Status: SUCCESS | To: vifeg15987@neplis.com | Subject: New Sign-In
[2026-08-14 15:28:04] Status: SUCCESS | To: vifeg15987@neplis.com | Subject: New Sign-In
[2026-08-14 15:34:07] Status: SUCCESS | To: ahilcicillin@gmail.com | Subject: New Sign-In
[2026-08-14 15:34:07] Status: SUCCESS | To: ahilcicillin@gmail.com | Subject: New Sign-In
[2026-08-14 15:35:35] Status: SUCCESS | To: vifeg15987@neplis.com | Subject: New Sign-In
[2026-08-14 15:35:35] Status: SUCCESS | To: vifeg15987@neplis.com | Subject: New Sign-In
[2026-08-14 15:36:08] Status: SUCCESS | To: vifeg15987@neplis.com | Subject: New Sign-In
[2026-08-14 15:36:08] Status: SUCCESS | To: vifeg15987@neplis.com | Subject: New Sign-In
[2026-08-14 15:36:47] Status: SUCCESS | To: vifeg15987@neplis.com | Subject: New Sign-In
[2026-08-14 15:36:47] Status: SUCCESS | To: vifeg15987@neplis.com | Subject: New Sign-In
[2026-08-14 15:38:28] Status: SUCCESS | To: vifeg15987@neplis.com | Subject: New Sign-In
[2026-08-14 15:38:28] Status: SUCCESS | To: vifeg15987@neplis.com | Subject: New Sign-In
[2026-08-14 15:38:49] Status: SUCCESS | To: vifeg15987@neplis.com | Subject: New Sign-In
[2026-08-14 15:38:49] Status: SUCCESS | To: vifeg15987@neplis.com | Subject: New Sign-In
[2026-08-14 15:39:37] Status: SUCCESS | To: vifeg15987@neplis.com | Subject: New Sign-In
[2026-08-14 15:39:37] Status: SUCCESS | To: vifeg15987@neplis.com | Subject: New Sign-In
[2026-08-14 15:42:41] Status: SUCCESS | To: ahilcicillin@gmail.com | Subject: New Sign-In
[2026-08-14 15:42:41] Status: SUCCESS | To: ahilcicillin@gmail.com | Subject: New Sign-In
[2026-08-14 15:48:22] Status: SUCCESS | To: ahilcicillin@gmail.com | Subject: New Sign-In
[2026-08-14 15:48:22] Status: SUCCESS | To: ahilcicillin@gmail.com | Subject: New Sign-In
[2026-08-14 15:49:05] Status: SUCCESS | To: ahilcicillin@gmail.com | Subject: New Sign-In
[2026-08-14 15:49:05] Status: SUCCESS | To: ahilcicillin@gmail.com | Subject: New Sign-In
[2026-08-14 15:57:15] Status: SUCCESS | To: ahilcicillin@gmail.com | Subject: New Sign-In
[2026-08-14 15:57:15] Status: SUCCESS | To: ahilcicillin@gmail.com | Subject: New Sign-In
[2026-08-14 15:58:57] Status: SUCCESS | To: ahilcicillin@gmail.com | Subject: New Sign-In
[2026-08-14 15:58:57] Status: SUCCESS | To: ahilcicillin@gmail.com | Subject: New Sign-In
[2026-08-14 15:59:40] Status: SUCCESS | To: ahilcicillin@gmail.com | Subject: New Sign-In
[2026-08-14 15:59:40] Status: SUCCESS | To: ahilcicillin@gmail.com | Subject: New Sign-In
[2026-08-14 16:00:33] Status: SUCCESS | To: ahilcicillin@gmail.com | Subject: New Sign-In
[2026-08-14 16:00:33] Status: SUCCESS | To: ahilcicillin@gmail.com | Subject: New Sign-In
[2026-08-14 16:02:12] Status: SUCCESS | To: ahilcicillin@gmail.com | Subject: New Sign-In
[2026-08-14 16:02:12] Status: SUCCESS | To: ahilcicillin@gmail.com | Subject: New Sign-In
[2026-08-14 16:02:58] Status: SUCCESS | To: vifeg15987@neplis.com | Subject: New Sign-In
[2026-08-14 16:02:58] Status: SUCCESS | To: vifeg15987@neplis.com | Subject: New Sign-In
[2026-08-14 16:03:48] Status: SUCCESS | To: ahilcicillin@gmail.com | Subject: New Sign-In
[2026-08-14 16:03:48] Status: SUCCESS | To: ahilcicillin@gmail.com | Subject: New Sign-In
[2026-08-14 16:06:00] Status: SUCCESS | To: bojep43706@luhupo.com | Subject: New Sign-In
[2026-08-14 16:06:00] Status: SUCCESS | To: bojep43706@luhupo.com | Subject: New Sign-In
[2026-08-14 16:06:05] Status: SUCCESS | To: ahilcicillin@gmail.com | Subject: New Sign-In
[2026-08-14 16:06:05] Status: SUCCESS | To: ahilcicillin@gmail.com | Subject: New Sign-In
[2026-08-14 16:06:44] Status: SUCCESS | To: cebay88021@luhupo.com | Subject: New Sign-In
[2026-08-14 16:06:44] Status: SUCCESS | To: cebay88021@luhupo.com | Subject: New Sign-In
[2026-08-14 16:07:17] Status: SUCCESS | To: ahilcicillin@gmail.com | Subject: New Sign-In
[2026-08-14 16:07:17] Status: SUCCESS | To: ahilcicillin@gmail.com | Subject: New Sign-In
[2026-08-14 16:08:28] Status: SUCCESS | To: ahilcicillin@gmail.com | Subject: New Sign-In
[2026-08-14 16:08:28] Status: SUCCESS | To: ahilcicillin@gmail.com | Subject: New Sign-In
[2026-08-14 16:11:43] Status: SUCCESS | To: ahilcicillin@gmail.com | Subject: New Sign-In
[2026-08-14 16:11:43] Status: SUCCESS | To: ahilcicillin@gmail.com | Subject: New Sign-In
[2026-08-14 16:12:31] Status: SUCCESS | To: ahilcicillin@gmail.com | Subject: New Sign-In
[2026-08-14 16:12:32] Status: SUCCESS | To: ahilcicillin@gmail.com | Subject: New Sign-In
[2026-08-14 16:13:41] Status: SUCCESS | To: ahilcicillin@gmail.com | Subject: New Sign-In
[2026-08-14 16:13:41] Status: SUCCESS | To: ahilcicillin@gmail.com | Subject: New Sign-In
[2026-08-14 16:17:21] Status: SUCCESS | To: ahilcicillin@gmail.com | Subject: New Sign-In
[2026-08-14 16:17:21] Status: SUCCESS | To: ahilcicillin@gmail.com | Subject: New Sign-In
[2026-08-14 16:17:53] Status: SUCCESS | To: ahilcicillin@gmail.com | Subject: New Sign-In
[2026-08-14 16:17:53] Status: SUCCESS | To: ahilcicillin@gmail.com | Subject: New Sign-In
[2026-08-14 16:20:00] Status: SUCCESS | To: bojep43706@luhupo.com | Subject: New Sign-In
[2026-08-14 16:20:00] Status: SUCCESS | To: bojep43706@luhupo.com | Subject: New Sign-In
[2026-08-14 16:32:08] Status: SUCCESS | To: bojep43706@luhupo.com | Subject: New Sign-In
[2026-08-14 16:32:08] Status: SUCCESS | To: bojep43706@luhupo.com | Subject: New Sign-In
[2026-08-14 16:35:53] Status: SUCCESS | To: bojep43706@luhupo.com | Subject: New Sign-In
[2026-08-14 16:35:53] Status: SUCCESS | To: bojep43706@luhupo.com | Subject: New Sign-In
[2026-08-14 16:38:45] Status: SUCCESS | To: bojep43706@luhupo.com | Subject: New Sign-In
[2026-08-14 16:38:45] Status: SUCCESS | To: bojep43706@luhupo.com | Subject: New Sign-In
[2026-08-14 16:45:23] Status: SUCCESS | To: bojep43706@luhupo.com | Subject: New Sign-In
[2026-08-14 16:45:23] Status: SUCCESS | To: bojep43706@luhupo.com | Subject: New Sign-In
[2026-08-14 16:54:12] Status: SUCCESS | To: bojep43706@luhupo.com | Subject: New Sign-In
[2026-08-14 16:54:12] Status: SUCCESS | To: bojep43706@luhupo.com | Subject: New Sign-In
[2026-08-14 16:55:18] Status: SUCCESS | To: ahilcicillin@gmail.com | Subject: New Sign-In
[2026-08-14 16:55:18] Status: SUCCESS | To: ahilcicillin@gmail.com | Subject: New Sign-In
[2026-08-14 17:07:11] Status: SUCCESS | To: bojep43706@luhupo.com | Subject: New Sign-In
[2026-08-14 17:07:11] Status: SUCCESS | To: bojep43706@luhupo.com | Subject: New Sign-In
[2026-08-14 17:09:22] Status: SUCCESS | To: bojep43706@luhupo.com | Subject: New Sign-In
[2026-08-14 17:09:22] Status: SUCCESS | To: bojep43706@luhupo.com | Subject: New Sign-In
[2026-08-14 18:23:30] Status: SUCCESS | To: bojep43706@luhupo.com | Subject: New Sign-In
[2026-08-14 18:23:30] Status: SUCCESS | To: bojep43706@luhupo.com | Subject: New Sign-In
[2026-08-14 18:25:53] Status: SUCCESS | To: ahilcicillin@gmail.com | Subject: New Sign-In
[2026-08-14 18:25:53] Status: SUCCESS | To: ahilcicillin@gmail.com | Subject: New Sign-In
[2026-08-14 18:26:07] Status: SUCCESS | To: bojep43706@luhupo.com | Subject: New Sign-In
[2026-08-14 18:26:07] Status: SUCCESS | To: bojep43706@luhupo.com | Subject: New Sign-In
[2026-08-14 18:28:58] Status: SUCCESS | To: bojep43706@luhupo.com | Subject: New Sign-In
[2026-08-14 18:28:58] Status: SUCCESS | To: bojep43706@luhupo.com | Subject: New Sign-In
[2026-08-14 18:30:09] Status: SUCCESS | To: ahilcicillin@gmail.com | Subject: New Sign-In
[2026-08-14 18:30:09] Status: SUCCESS | To: ahilcicillin@gmail.com | Subject: New Sign-In
[2026-08-14 18:30:54] Status: SUCCESS | To: bojep43706@luhupo.com | Subject: New Sign-In
[2026-08-14 18:30:54] Status: SUCCESS | To: bojep43706@luhupo.com | Subject: New Sign-In
[2026-08-14 18:34:53] Status: SUCCESS | To: bojep43706@luhupo.com | Subject: New Sign-In
[2026-08-14 18:34:53] Status: SUCCESS | To: bojep43706@luhupo.com | Subject: New Sign-In
[2026-08-14 18:40:49] Status: SUCCESS | To: bojep43706@luhupo.com | Subject: New Sign-In
[2026-08-14 18:40:49] Status: SUCCESS | To: bojep43706@luhupo.com | Subject: New Sign-In
[2026-08-14 18:41:26] Status: SUCCESS | To: bojep43706@luhupo.com | Subject: New Sign-In
[2026-08-14 18:41:26] Status: SUCCESS | To: bojep43706@luhupo.com | Subject: New Sign-In
[2026-08-14 18:44:49] Status: SUCCESS | To: bojep43706@luhupo.com | Subject: New Sign-In
[2026-08-14 18:44:49] Status: SUCCESS | To: bojep43706@luhupo.com | Subject: New Sign-In
[2026-08-14 18:45:06] Status: SUCCESS | To: ahilcicillin@gmail.com | Subject: New Sign-In
[2026-08-14 18:45:06] Status: SUCCESS | To: ahilcicillin@gmail.com | Subject: New Sign-In
[2026-08-14 18:45:36] Status: SUCCESS | To: bojep43706@luhupo.com | Subject: New Sign-In
[2026-08-14 18:45:36] Status: SUCCESS | To: bojep43706@luhupo.com | Subject: New Sign-In
[2026-08-14 18:46:05] Status: SUCCESS | To: bojep43706@luhupo.com | Subject: New Sign-In
[2026-08-14 18:46:05] Status: SUCCESS | To: bojep43706@luhupo.com | Subject: New Sign-In
[2026-08-14 18:56:15] Status: SUCCESS | To: bojep43706@luhupo.com | Subject: New Sign-In
[2026-08-14 18:56:15] Status: SUCCESS | To: bojep43706@luhupo.com | Subject: New Sign-In
[2026-08-14 18:56:20] Status: SUCCESS | To: bojep43706@luhupo.com | Subject: New Sign-In
[2026-08-14 18:56:20] Status: SUCCESS | To: bojep43706@luhupo.com | Subject: New Sign-In
[2026-08-14 19:04:13] Status: SUCCESS | To: bojep43706@luhupo.com | Subject: New Sign-In
[2026-08-14 19:04:13] Status: SUCCESS | To: bojep43706@luhupo.com | Subject: New Sign-In
[2026-08-14 19:04:51] Status: SUCCESS | To: bojep43706@luhupo.com | Subject: New Sign-In
[2026-08-14 19:04:51] Status: SUCCESS | To: bojep43706@luhupo.com | Subject: New Sign-In
[2026-08-14 19:06:14] Status: SUCCESS | To: bojep43706@luhupo.com | Subject: New Sign-In
[2026-08-14 19:06:14] Status: SUCCESS | To: bojep43706@luhupo.com | Subject: New Sign-In
[2026-08-14 19:08:55] Status: SUCCESS | To: bojep43706@luhupo.com | Subject: New Sign-In
[2026-08-14 19:08:55] Status: SUCCESS | To: bojep43706@luhupo.com | Subject: New Sign-In
[2026-08-14 20:14:42] Status: FAILED | To: bojep43706@luhupo.com | Subject: New Sign-In | Error: dial tcp: lookup smtp.gmail.com: no such host
[2026-08-14 20:14:42] Status: FAILED | To: bojep43706@luhupo.com | Subject: New Sign-In | Error: dial tcp: lookup smtp.gmail.com: no such host
[2026-08-17 10:02:12] Status: SUCCESS | To: bojep43706@luhupo.com | Subject: New Sign-In
[2026-08-17 10:02:12] Status: SUCCESS | To: bojep43706@luhupo.com | Subject: New Sign-In
[2026-08-17 10:04:25] Status: SUCCESS | To: bojep43706@luhupo.com | Subject: New Sign-In
[2026-08-17 10:04:25] Status: SUCCESS | To: bojep43706@luhupo.com | Subject: New Sign-In
[2026-08-17 10:05:53] Status: SUCCESS | To: bojep43706@luhupo.com | Subject: New Sign-In
[2026-08-17 10:05:53] Status: SUCCESS | To: bojep43706@luhupo.com | Subject: New Sign-In
[2026-08-17 10:06:54] Status: SUCCESS | To: bojep43706@luhupo.com | Subject: New Sign-In
[2026-08-17 10:06:54] Status: SUCCESS | To: bojep43706@luhupo.com | Subject: New Sign-In
[2026-08-17 10:07:07] Status: SUCCESS | To: bojep43706@luhupo.com | Subject: New Sign-In
[2026-08-17 10:07:07] Status: SUCCESS | To: bojep43706@luhupo.com | Subject: New Sign-In
[2026-08-17 10:09:27] Status: SUCCESS | To: bojep43706@luhupo.com | Subject: New Sign-In
[2026-08-17 10:09:27] Status: SUCCESS | To: bojep43706@luhupo.com | Subject: New Sign-In
[2026-08-17 10:10:22] Status: SUCCESS | To: cebay88021@luhupo.com | Subject: New Sign-In
[2026-08-17 10:10:22] Status: SUCCESS | To: cebay88021@luhupo.com | Subject: New Sign-In
[2026-08-17 10:12:21] Status: SUCCESS | To: bojep43706@luhupo.com | Subject: New Sign-In
[2026-08-17 10:12:21] Status: SUCCESS | To: bojep43706@luhupo.com | Subject: New Sign-In
[2026-08-17 10:14:42] Status: SUCCESS | To: bojep43706@luhupo.com | Subject: New Sign-In
[2026-08-17 10:14:42] Status: SUCCESS | To: bojep43706@luhupo.com | Subject: New Sign-In
[2026-08-17 10:14:53] Status: SUCCESS | To: bojep43706@luhupo.com | Subject: New Sign-In
[2026-08-17 10:14:53] Status: SUCCESS | To: bojep43706@luhupo.com | Subject: New Sign-In
[2026-08-17 10:21:14] Status: SUCCESS | To: bojep43706@luhupo.com | Subject: New Sign-In
[2026-08-17 10:21:14] Status: SUCCESS | To: bojep43706@luhupo.com | Subject: New Sign-In
[2026-08-17 10:23:35] Status: SUCCESS | To: bojep43706@luhupo.com | Subject: New Sign-In
[2026-08-17 10:23:35] Status: SUCCESS | To: bojep43706@luhupo.com | Subject: New Sign-In
[2026-08-17 10:36:21] Status: SUCCESS | To: bojep43706@luhupo.com | Subject: New Sign-In
[2026-08-17 10:36:21] Status: SUCCESS | To: bojep43706@luhupo.com | Subject: New Sign-In
[2026-08-17 10:39:31] Status: SUCCESS | To: cebay88021@luhupo.com | Subject: New Sign-In
[2026-08-17 10:39:31] Status: SUCCESS | To: cebay88021@luhupo.com | Subject: New Sign-In
[2026-08-17 10:41:42] Status: SUCCESS | To: cebay88021@luhupo.com | Subject: New Sign-In
[2026-08-17 10:41:42] Status: SUCCESS | To: cebay88021@luhupo.com | Subject: New Sign-In
[2026-08-17 10:50:00] Status: SUCCESS | To: bojep43706@luhupo.com | Subject: New Sign-In
[2026-08-17 10:50:00] Status: SUCCESS | To: bojep43706@luhupo.com | Subject: New Sign-In
[2026-08-17 10:50:41] Status: SUCCESS | To: bojep43706@luhupo.com | Subject: New Sign-In
[2026-08-17 10:50:41] Status: SUCCESS | To: bojep43706@luhupo.com | Subject: New Sign-In
[2026-08-17 11:00:14] Status: SUCCESS | To: bojep43706@luhupo.com | Subject: New Sign-In
[2026-08-17 11:00:14] Status: SUCCESS | To: bojep43706@luhupo.com | Subject: New Sign-In
[2026-08-17 11:02:42] Status: SUCCESS | To: bojep43706@luhupo.com | Subject: New Sign-In
[2026-08-17 11:02:42] Status: SUCCESS | To: bojep43706@luhupo.com | Subject: New Sign-In
[2026-08-17 11:05:49] Status: SUCCESS | To: bojep43706@luhupo.com | Subject: New Sign-In
[2026-08-17 11:05:49] Status: SUCCESS | To: bojep43706@luhupo.com | Subject: New Sign-In
[2026-08-17 11:54:22] Status: SUCCESS | To: dahakos678@neplis.com | Subject: New Sign-In
[2026-08-17 11:54:22] Status: SUCCESS | To: dahakos678@neplis.com | Subject: New Sign-In
[2026-08-24 11:41:24] Status: SUCCESS | To: yaden28511@ebflyai.com | Subject: Verify your email - Backend Institutions
[2026-08-24 11:41:24] Status: SUCCESS | To: yaden28511@ebflyai.com | Subject: Verify your email - Backend Institutions
[2026-08-24 12:04:41] Status: SUCCESS | To: yaden28511@ebflyai.com | Subject: New Sign-In
[2026-08-24 12:04:41] Status: SUCCESS | To: yaden28511@ebflyai.com | Subject: New Sign-In
[2026-08-24 12:07:11] Status: SUCCESS | To: mamedi9953@archifun.com | Subject: Verify your email - Backend Institutions
[2026-08-24 12:07:11] Status: SUCCESS | To: mamedi9953@archifun.com | Subject: Verify your email - Backend Institutions
[2026-08-24 12:07:35] Status: SUCCESS | To: mamedi9953@archifun.com | Subject: New Sign-In
[2026-08-24 12:07:35] Status: SUCCESS | To: mamedi9953@archifun.com | Subject: New Sign-In
[2026-08-24 12:09:25] Status: SUCCESS | To: mamedi9953@archifun.com | Subject: New Sign-In
[2026-08-24 12:09:25] Status: SUCCESS | To: mamedi9953@archifun.com | Subject: New Sign-In
[2026-08-24 12:11:55] Status: SUCCESS | To: ahilcicillin@gmail.com | Subject: New Sign-In
[2026-08-24 12:11:55] Status: SUCCESS | To: ahilcicillin@gmail.com | Subject: New Sign-In
[2026-08-24 12:12:58] Status: SUCCESS | To: ahilcicillin@gmail.com | Subject: New Sign-In
[2026-08-24 12:12:58] Status: SUCCESS | To: ahilcicillin@gmail.com | Subject: New Sign-In
[2026-08-24 12:13:21] Status: SUCCESS | To: ahilcicillin@gmail.com | Subject: New Sign-In
[2026-08-24 12:13:21] Status: SUCCESS | To: ahilcicillin@gmail.com | Subject: New Sign-In
[2026-08-24 12:17:53] Status: SUCCESS | To: mamedi9953@archifun.com | Subject: New Sign-In
[2026-08-24 12:17:53] Status: SUCCESS | To: mamedi9953@archifun.com | Subject: New Sign-In
[2026-08-24 12:31:20] Status: SUCCESS | To: mamedi9953@archifun.com | Subject: New Sign-In
[2026-08-24 12:31:20] Status: SUCCESS | To: mamedi9953@archifun.com | Subject: New Sign-In
[2026-08-24 12:32:02] Status: SUCCESS | To: ahilcicillin@gmail.com | Subject: New Sign-In
[2026-08-24 12:32:02] Status: SUCCESS | To: ahilcicillin@gmail.com | Subject: New Sign-In
[2026-08-24 12:33:47] Status: SUCCESS | To: ahilcicillin@gmail.com | Subject: New Sign-In
[2026-08-24 12:33:47] Status: SUCCESS | To: ahilcicillin@gmail.com | Subject: New Sign-In
[2026-08-24 12:36:08] Status: SUCCESS | To: ahilcicillin@gmail.com | Subject: New Sign-In
[2026-08-24 12:36:08] Status: SUCCESS | To: ahilcicillin@gmail.com | Subject: New Sign-In
[2026-08-24 12:36:51] Status: SUCCESS | To: ahilcicillin@gmail.com | Subject: New Sign-In
[2026-08-24 12:36:51] Status: SUCCESS | To: ahilcicillin@gmail.com | Subject: New Sign-In
[2026-08-24 12:37:36] Status: SUCCESS | To: ahilcicillin@gmail.com | Subject: New Sign-In
[2026-08-24 12:37:36] Status: SUCCESS | To: ahilcicillin@gmail.com | Subject: New Sign-In
[2026-08-24 12:37:53] Status: SUCCESS | To: mamedi9953@archifun.com | Subject: New Sign-In
[2026-08-24 12:37:53] Status: SUCCESS | To: mamedi9953@archifun.com | Subject: New Sign-In
[2026-08-24 12:39:56] Status: SUCCESS | To: mamedi9953@archifun.com | Subject: New Sign-In
[2026-08-24 12:39:56] Status: SUCCESS | To: mamedi9953@archifun.com | Subject: New Sign-In
[2026-08-24 12:40:06] Status: SUCCESS | To: ahilcicillin@gmail.com | Subject: New Sign-In
[2026-08-24 12:40:06] Status: SUCCESS | To: ahilcicillin@gmail.com | Subject: New Sign-In
[2026-08-24 12:42:10] Status: SUCCESS | To: ahilcicillin@gmail.com | Subject: New Sign-In
[2026-08-24 12:42:10] Status: SUCCESS | To: ahilcicillin@gmail.com | Subject: New Sign-In
[2026-08-24 12:44:51] Status: SUCCESS | To: mamedi9953@archifun.com | Subject: New Sign-In
[2026-08-24 12:44:51] Status: SUCCESS | To: mamedi9953@archifun.com | Subject: New Sign-In
[2026-08-24 13:56:53] Status: SUCCESS | To: mamedi9953@archifun.com | Subject: New Sign-In
[2026-08-24 13:56:53] Status: SUCCESS | To: mamedi9953@archifun.com | Subject: New Sign-In
[2026-08-24 14:09:24] Status: SUCCESS | To: mamedi9953@archifun.com | Subject: New Sign-In
[2026-08-24 14:09:24] Status: SUCCESS | To: mamedi9953@archifun.com | Subject: New Sign-In
[2026-08-24 15:12:25] Status: SUCCESS | To: mamedi9953@archifun.com | Subject: New Sign-In
[2026-08-24 15:12:25] Status: SUCCESS | To: mamedi9953@archifun.com | Subject: New Sign-In
[2026-08-24 15:26:52] Status: SUCCESS | To: mamedi9953@archifun.com | Subject: New Sign-In
[2026-08-24 15:26:52] Status: SUCCESS | To: mamedi9953@archifun.com | Subject: New Sign-In
[2026-08-24 15:44:44] Status: SUCCESS | To: mamedi9953@archifun.com | Subject: New Sign-In
[2026-08-24 15:44:44] Status: SUCCESS | To: mamedi9953@archifun.com | Subject: New Sign-In
[2026-08-24 15:50:27] Status: SUCCESS | To: mamedi9953@archifun.com | Subject: New Sign-In
[2026-08-24 15:50:27] Status: SUCCESS | To: mamedi9953@archifun.com | Subject: New Sign-In
[2026-08-24 20:55:02] Status: SUCCESS | To: xojora9021@bocably.com | Subject: Verify your email - Backend Institutions
[2026-08-24 20:55:02] Status: SUCCESS | To: xojora9021@bocably.com | Subject: Verify your email - Backend Institutions
[2026-08-24 20:55:54] Status: SUCCESS | To: xojora9021@bocably.com | Subject: New Sign-In
[2026-08-24 20:55:54] Status: SUCCESS | To: xojora9021@bocably.com | Subject: New Sign-In
[2026-08-24 20:56:45] Status: SUCCESS | To: hajot39768@bocably.com | Subject: Verify your email - Backend Institutions
[2026-08-24 20:56:45] Status: SUCCESS | To: hajot39768@bocably.com | Subject: Verify your email - Backend Institutions
[2026-08-24 20:57:22] Status: SUCCESS | To: hajot39768@bocably.com | Subject: New Sign-In
[2026-08-24 20:57:22] Status: SUCCESS | To: hajot39768@bocably.com | Subject: New Sign-In
[2026-08-24 21:05:14] Status: SUCCESS | To: hajot39768@bocably.com | Subject: New Sign-In
[2026-08-24 21:05:14] Status: SUCCESS | To: hajot39768@bocably.com | Subject: New Sign-In
[2026-08-24 21:06:22] Status: SUCCESS | To: hajot39768@bocably.com | Subject: New Sign-In
[2026-08-24 21:06:22] Status: SUCCESS | To: hajot39768@bocably.com | Subject: New Sign-In
[2026-08-24 21:07:28] Status: SUCCESS | To: pamed72117@bocably.com | Subject: Verify your email - Backend Institutions
[2026-08-24 21:07:28] Status: SUCCESS | To: pamed72117@bocably.com | Subject: Verify your email - Backend Institutions
[2026-08-24 21:07:58] Status: SUCCESS | To: pamed72117@bocably.com | Subject: New Sign-In
[2026-08-24 21:07:58] Status: SUCCESS | To: pamed72117@bocably.com | Subject: New Sign-In
[2026-08-24 21:08:33] Status: SUCCESS | To: pamed72117@bocably.com | Subject: New Sign-In
[2026-08-24 21:08:33] Status: SUCCESS | To: pamed72117@bocably.com | Subject: New Sign-In
[2026-08-24 21:14:27] Status: SUCCESS | To: pamed72117@bocably.com | Subject: New Sign-In
[2026-08-24 21:14:27] Status: SUCCESS | To: pamed72117@bocably.com | Subject: New Sign-In
[2026-08-24 21:27:41] Status: SUCCESS | To: pamed72117@bocably.com | Subject: New Sign-In
[2026-08-24 21:27:41] Status: SUCCESS | To: pamed72117@bocably.com | Subject: New Sign-In
[2026-08-24 21:30:15] Status: SUCCESS | To: pamed72117@bocably.com | Subject: New Sign-In
[2026-08-24 21:30:15] Status: SUCCESS | To: pamed72117@bocably.com | Subject: New Sign-In
[2026-08-24 21:41:04] Status: SUCCESS | To: pamed72117@bocably.com | Subject: New Sign-In
[2026-08-24 21:41:04] Status: SUCCESS | To: pamed72117@bocably.com | Subject: New Sign-In
[2026-08-24 21:52:31] Status: SUCCESS | To: pamed72117@bocably.com | Subject: New Sign-In
[2026-08-24 21:52:31] Status: SUCCESS | To: pamed72117@bocably.com | Subject: New Sign-In
[2026-08-27 11:01:18] Status: SUCCESS | To: ahilcicillin@gmail.com | Subject: New Sign-In
[2026-08-27 11:01:18] Status: SUCCESS | To: ahilcicillin@gmail.com | Subject: New Sign-In
[2026-08-27 11:02:45] Status: SUCCESS | To: xetico7010@archifun.com | Subject: Verify your email - Backend Institutions
[2026-08-27 11:02:45] Status: SUCCESS | To: xetico7010@archifun.com | Subject: Verify your email - Backend Institutions
[2026-08-27 11:07:51] Status: SUCCESS | To: xetico7010@archifun.com | Subject: New Sign-In
[2026-08-27 11:07:51] Status: SUCCESS | To: xetico7010@archifun.com | Subject: New Sign-In
[2026-08-27 11:10:33] Status: SUCCESS | To: xetico7010@archifun.com | Subject: New Sign-In
[2026-08-27 11:10:33] Status: SUCCESS | To: xetico7010@archifun.com | Subject: New Sign-In
[2026-08-27 11:10:46] Status: SUCCESS | To: xetico7010@archifun.com | Subject: New Sign-In
[2026-08-27 11:10:46] Status: SUCCESS | To: xetico7010@archifun.com | Subject: New Sign-In
[2026-08-27 11:25:01] Status: SUCCESS | To: ahilcicillin@gmail.com | Subject: New Sign-In
[2026-08-27 11:25:01] Status: SUCCESS | To: ahilcicillin@gmail.com | Subject: New Sign-In
[2026-08-27 11:35:37] Status: SUCCESS | To: ahilcicillin@gmail.com | Subject: New Sign-In
[2026-08-27 11:35:37] Status: SUCCESS | To: ahilcicillin@gmail.com | Subject: New Sign-In
[2026-08-27 11:37:34] Status: SUCCESS | To: ahilcicillin@gmail.com | Subject: New Sign-In
[2026-08-27 11:37:34] Status: SUCCESS | To: ahilcicillin@gmail.com | Subject: New Sign-In
[2026-08-27 11:38:00] Status: SUCCESS | To: xetico7010@archifun.com | Subject: New Sign-In
[2026-08-27 11:38:00] Status: SUCCESS | To: xetico7010@archifun.com | Subject: New Sign-In
[2026-08-27 11:43:44] Status: SUCCESS | To: pamed72117@bocably.com | Subject: New Sign-In
[2026-08-27 11:43:44] Status: SUCCESS | To: pamed72117@bocably.com | Subject: New Sign-In
[2026-08-27 11:48:26] Status: SUCCESS | To: demow20814@bocably.com | Subject: Verify your email - Backend Institutions
[2026-08-27 11:48:26] Status: SUCCESS | To: demow20814@bocably.com | Subject: Verify your email - Backend Institutions
[2026-08-27 11:49:31] Status: SUCCESS | To: demow20814@bocably.com | Subject: New Sign-In
[2026-08-27 11:49:31] Status: SUCCESS | To: demow20814@bocably.com | Subject: New Sign-In
[2026-08-28 10:24:06] Status: SUCCESS | To: ninawi5001@bocably.com | Subject: Verify your email - Backend Institutions
[2026-08-28 10:24:06] Status: SUCCESS | To: ninawi5001@bocably.com | Subject: Verify your email - Backend Institutions
[2026-08-28 10:27:05] Status: SUCCESS | To: ninawi5001@bocably.com | Subject: New Sign-In
[2026-08-28 10:27:05] Status: SUCCESS | To: ninawi5001@bocably.com | Subject: New Sign-In
[2026-08-28 10:35:42] Status: SUCCESS | To: ninawi5001@bocably.com | Subject: New Sign-In
[2026-08-28 10:35:42] Status: SUCCESS | To: ninawi5001@bocably.com | Subject: New Sign-In
[2026-08-28 10:42:30] Status: SUCCESS | To: ninawi5001@bocably.com | Subject: New Sign-In
[2026-08-28 10:42:30] Status: SUCCESS | To: ninawi5001@bocably.com | Subject: New Sign-In
[2026-08-28 10:55:33] Status: SUCCESS | To: ahilcicillin@gmail.com | Subject: New Sign-In
[2026-08-28 10:55:33] Status: SUCCESS | To: ahilcicillin@gmail.com | Subject: New Sign-In
[2026-08-28 11:05:43] Status: SUCCESS | To: i5001@bocably.com | Subject: Verify your email - Backend Institutions
[2026-08-28 11:05:43] Status: SUCCESS | To: i5001@bocably.com | Subject: Verify your email - Backend Institutions
[2026-08-28 11:09:35] Status: SUCCESS | To: idhjbhddbaaaaaakdb01@bocably.com | Subject: Verify your email - Backend Institutions
[2026-08-28 11:09:35] Status: SUCCESS | To: idhjbhddbaaaaaakdb01@bocably.com | Subject: Verify your email - Backend Institutions
[2026-08-28 11:10:33] Status: SUCCESS | To: idhjbhddbassssaaaaakdb01@bocably.com | Subject: Verify your email - Backend Institutions
[2026-08-28 11:10:33] Status: SUCCESS | To: idhjbhddbassssaaaaakdb01@bocably.com | Subject: Verify your email - Backend Institutions
[2026-08-28 11:25:04] Status: SUCCESS | To: idhjbhasssssssssssssssssssssssssssssddbassssaaaaakdb01@bocably.com | Subject: Verify your email - Backend Institutions
[2026-08-28 11:25:04] Status: SUCCESS | To: idhjbhasssssssssssssssssssssssssssssddbassssaaaaakdb01@bocably.com | Subject: Verify your email - Backend Institutions
[2026-08-28 11:25:54] Status: SUCCESS | To: ahilcicillin@gmail.com | Subject: New Sign-In
[2026-08-28 11:25:54] Status: SUCCESS | To: ahilcicillin@gmail.com | Subject: New Sign-In
[2026-08-28 11:28:07] Status: SUCCESS | To: idhjbhassssssssssssssssssssddbassssaaaaakdb01@bocably.com | Subject: Verify your email - Backend Institutions
[2026-08-28 11:28:07] Status: SUCCESS | To: idhjbhassssssssssssssssssssddbassssaaaaakdb01@bocably.com | Subject: Verify your email - Backend Institutions
[2026-08-28 11:29:38] Status: SUCCESS | To: xeto7010@archifun.com | Subject: Verify your email - Backend Institutions
[2026-08-28 11:29:38] Status: SUCCESS | To: xeto7010@archifun.com | Subject: Verify your email - Backend Institutions
[2026-08-28 11:31:45] Status: SUCCESS | To: demowssss20814@bocably.com | Subject: Verify your email - Backend Institutions
[2026-08-28 11:31:45] Status: SUCCESS | To: demowssss20814@bocably.com | Subject: Verify your email - Backend Institutions
[2026-08-28 11:33:26] Status: SUCCESS | To: ahilcicillin@gmail.com | Subject: New Sign-In
[2026-08-28 11:33:26] Status: SUCCESS | To: ahilcicillin@gmail.com | Subject: New Sign-In
[2026-08-28 11:51:02] Status: SUCCESS | To: pecejip983@archifun.com | Subject: Verify your email - Backend Institutions
[2026-08-28 11:51:02] Status: SUCCESS | To: pecejip983@archifun.com | Subject: Verify your email - Backend Institutions
[2026-08-28 12:05:13] Status: SUCCESS | To: pecejip983@archifun.com | Subject: New Sign-In
[2026-08-28 12:05:13] Status: SUCCESS | To: pecejip983@archifun.com | Subject: New Sign-In
[2026-08-28 12:13:43] Status: SUCCESS | To: yaxebab211@bocably.com | Subject: Verify your email - Backend Institutions
[2026-08-28 12:13:43] Status: SUCCESS | To: yaxebab211@bocably.com | Subject: Verify your email - Backend Institutions
[2026-08-28 12:14:29] Status: SUCCESS | To: yaxebab211@bocably.com | Subject: New Sign-In
[2026-08-28 12:14:29] Status: SUCCESS | To: yaxebab211@bocably.com | Subject: New Sign-In
[2026-08-28 12:16:01] Status: SUCCESS | To: pecejip983@archifun.com | Subject: New Sign-In
[2026-08-28 12:16:01] Status: SUCCESS | To: pecejip983@archifun.com | Subject: New Sign-In
[2026-08-28 12:22:47] Status: SUCCESS | To: demow20814@bocably.com | Subject: New Sign-In
[2026-08-28 12:22:47] Status: SUCCESS | To: demow20814@bocably.com | Subject: New Sign-In
[2026-08-28 12:29:37] Status: SUCCESS | To: yaxebab211@bocably.com | Subject: New Sign-In
[2026-08-28 12:29:37] Status: SUCCESS | To: yaxebab211@bocably.com | Subject: New Sign-In
[2026-08-28 12:30:26] Status: SUCCESS | To: ahilcicillin@gmail.com | Subject: New Sign-In
[2026-08-28 12:30:26] Status: SUCCESS | To: ahilcicillin@gmail.com | Subject: New Sign-In
[2026-08-28 12:32:04] Status: SUCCESS | To: xetico7010@archifun.com | Subject: New Sign-In
[2026-08-28 12:32:04] Status: SUCCESS | To: xetico7010@archifun.com | Subject: New Sign-In
[2026-08-28 12:47:01] Status: SUCCESS | To: demow20814@bocably.com | Subject: New Sign-In
[2026-08-28 12:47:01] Status: SUCCESS | To: demow20814@bocably.com | Subject: New Sign-In
[2026-08-28 13:02:48] Status: SUCCESS | To: pecejip983@archifun.com | Subject: New Sign-In
[2026-08-28 13:02:48] Status: SUCCESS | To: pecejip983@archifun.com | Subject: New Sign-In
[2026-08-28 13:09:40] Status: SUCCESS | To: ahilcicillin@gmail.com | Subject: New Sign-In
[2026-08-28 13:09:40] Status: SUCCESS | To: ahilcicillin@gmail.com | Subject: New Sign-In
[2026-08-31 10:56:06] Status: SUCCESS | To: tebaj67927@fanzher.com | Subject: Verify your email - Backend Institutions
[2026-08-31 10:56:06] Status: SUCCESS | To: tebaj67927@fanzher.com | Subject: Verify your email - Backend Institutions
[2026-08-31 10:56:57] Status: SUCCESS | To: tebaj67927@fanzher.com | Subject: New Sign-In
[2026-08-31 10:56:57] Status: SUCCESS | To: tebaj67927@fanzher.com | Subject: New Sign-In
[2026-08-31 11:45:19] Status: SUCCESS | To: hotelod157@dd2car.com | Subject: Verify your email - Backend Institutions
[2026-08-31 11:45:19] Status: SUCCESS | To: hotelod157@dd2car.com | Subject: Verify your email - Backend Institutions
[2026-08-31 11:46:01] Status: SUCCESS | To: hotelod157@dd2car.com | Subject: New Sign-In
[2026-08-31 11:46:01] Status: SUCCESS | To: hotelod157@dd2car.com | Subject: New Sign-In
[2026-08-31 11:46:44] Status: SUCCESS | To: ahilcicillin@gmail.com | Subject: New Sign-In
[2026-08-31 11:46:44] Status: SUCCESS | To: ahilcicillin@gmail.com | Subject: New Sign-In
[2026-08-31 11:48:54] Status: SUCCESS | To: pojojaw771@dd2car.com | Subject: Verify your email - Backend Institutions
[2026-08-31 11:48:54] Status: SUCCESS | To: pojojaw771@dd2car.com | Subject: Verify your email - Backend Institutions
[2026-08-31 11:49:37] Status: SUCCESS | To: pojojaw771@dd2car.com | Subject: New Sign-In
[2026-08-31 11:49:37] Status: SUCCESS | To: pojojaw771@dd2car.com | Subject: New Sign-In
[2026-08-31 11:50:14] Status: SUCCESS | To: hotelod157@dd2car.com | Subject: New Sign-In
[2026-08-31 11:50:14] Status: SUCCESS | To: hotelod157@dd2car.com | Subject: New Sign-In
[2026-08-31 11:53:32] Status: SUCCESS | To: gakifeb359@dd2car.com | Subject: Verify your email - Backend Institutions
[2026-08-31 11:53:32] Status: SUCCESS | To: gakifeb359@dd2car.com | Subject: Verify your email - Backend Institutions
[2026-08-31 11:54:16] Status: SUCCESS | To: gakifeb359@dd2car.com | Subject: New Sign-In
[2026-08-31 11:54:16] Status: SUCCESS | To: gakifeb359@dd2car.com | Subject: New Sign-In
[2026-08-31 12:07:03] Status: SUCCESS | To: hotelod157@dd2car.com | Subject: New Sign-In
[2026-08-31 12:07:03] Status: SUCCESS | To: hotelod157@dd2car.com | Subject: New Sign-In
[2026-08-31 12:08:35] Status: SUCCESS | To: xehow88837@fanzher.com | Subject: Verify your email - Backend Institutions
[2026-08-31 12:08:35] Status: SUCCESS | To: xehow88837@fanzher.com | Subject: Verify your email - Backend Institutions
[2026-08-31 12:09:17] Status: SUCCESS | To: xehow88837@fanzher.com | Subject: New Sign-In
[2026-08-31 12:09:17] Status: SUCCESS | To: xehow88837@fanzher.com | Subject: New Sign-In
[2026-08-31 12:10:15] Status: SUCCESS | To: hotelod157@dd2car.com | Subject: New Sign-In
[2026-08-31 12:10:15] Status: SUCCESS | To: hotelod157@dd2car.com | Subject: New Sign-In
[2026-08-31 12:14:25] Status: SUCCESS | To: tihad28190@fanzher.com | Subject: Verify your email - Backend Institutions
[2026-08-31 12:14:25] Status: SUCCESS | To: tihad28190@fanzher.com | Subject: Verify your email - Backend Institutions
[2026-08-31 12:14:54] Status: SUCCESS | To: tihad28190@fanzher.com | Subject: New Sign-In
[2026-08-31 12:14:54] Status: SUCCESS | To: tihad28190@fanzher.com | Subject: New Sign-In
[2026-08-31 12:23:14] Status: SUCCESS | To: yirap23490@fanzher.com | Subject: Verify your email - Backend Institutions
[2026-08-31 12:23:14] Status: SUCCESS | To: yirap23490@fanzher.com | Subject: Verify your email - Backend Institutions
[2026-08-31 12:23:42] Status: SUCCESS | To: yirap23490@fanzher.com | Subject: New Sign-In
[2026-08-31 12:23:42] Status: SUCCESS | To: yirap23490@fanzher.com | Subject: New Sign-In
[2026-08-31 12:40:58] Status: SUCCESS | To: jofaka6417@dd2car.com | Subject: Verify your email - Backend Institutions
[2026-08-31 12:40:58] Status: SUCCESS | To: jofaka6417@dd2car.com | Subject: Verify your email - Backend Institutions
[2026-08-31 12:41:37] Status: SUCCESS | To: jofaka6417@dd2car.com | Subject: New Sign-In
[2026-08-31 12:41:37] Status: SUCCESS | To: jofaka6417@dd2car.com | Subject: New Sign-In
[2026-08-31 12:43:05] Status: SUCCESS | To: jerera6050@dd2car.com | Subject: Verify your email - Backend Institutions
[2026-08-31 12:43:05] Status: SUCCESS | To: jerera6050@dd2car.com | Subject: Verify your email - Backend Institutions
[2026-08-31 12:44:01] Status: SUCCESS | To: jerera6050@dd2car.com | Subject: New Sign-In
[2026-08-31 12:44:01] Status: SUCCESS | To: jerera6050@dd2car.com | Subject: New Sign-In
[2026-08-31 12:44:59] Status: SUCCESS | To: xomeka4257@dd2car.com | Subject: Verify your email - Backend Institutions
[2026-08-31 12:44:59] Status: SUCCESS | To: xomeka4257@dd2car.com | Subject: Verify your email - Backend Institutions
[2026-08-31 12:45:42] Status: SUCCESS | To: xomeka4257@dd2car.com | Subject: New Sign-In
[2026-08-31 12:45:42] Status: SUCCESS | To: xomeka4257@dd2car.com | Subject: New Sign-In
[2026-08-31 13:19:57] Status: SUCCESS | To: xomeka4257@dd2car.com | Subject: New Sign-In
[2026-08-31 13:19:57] Status: SUCCESS | To: xomeka4257@dd2car.com | Subject: New Sign-In
[2026-08-31 13:38:21] Status: SUCCESS | To: sasive9792@dd2car.com | Subject: Verify your email - Backend Institutions
[2026-08-31 13:38:21] Status: SUCCESS | To: sasive9792@dd2car.com | Subject: Verify your email - Backend Institutions
[2026-08-31 13:39:39] Status: SUCCESS | To: sasive9792@dd2car.com | Subject: New Sign-In
[2026-08-31 13:39:39] Status: SUCCESS | To: sasive9792@dd2car.com | Subject: New Sign-In
[2026-08-31 17:57:13] Status: SUCCESS | To: xehow88837@fanzher.com | Subject: New Sign-In
[2026-08-31 17:57:13] Status: SUCCESS | To: xehow88837@fanzher.com | Subject: New Sign-In
[2026-09-01 10:13:45] Status: SUCCESS | To: febidi2553@dd2car.com | Subject: Verify your email - Backend Institutions
[2026-09-01 10:13:45] Status: SUCCESS | To: febidi2553@dd2car.com | Subject: Verify your email - Backend Institutions
[2026-09-01 10:14:22] Status: SUCCESS | To: febidi2553@dd2car.com | Subject: New Sign-In
[2026-09-01 10:14:22] Status: SUCCESS | To: febidi2553@dd2car.com | Subject: New Sign-In
[2026-09-02 09:52:45] Status: SUCCESS | To: piceni4723@dd2car.com | Subject: Verify your email - Backend Institutions
[2026-09-02 09:52:45] Status: SUCCESS | To: piceni4723@dd2car.com | Subject: Verify your email - Backend Institutions
[2026-09-02 09:54:25] Status: SUCCESS | To: piceni4723@dd2car.com | Subject: New Sign-In
[2026-09-02 09:54:25] Status: SUCCESS | To: piceni4723@dd2car.com | Subject: New Sign-In
[2026-09-02 09:55:24] Status: SUCCESS | To: gakifeb359@dd2car.com | Subject: New Sign-In
[2026-09-02 09:55:24] Status: SUCCESS | To: gakifeb359@dd2car.com | Subject: New Sign-In
[2026-09-02 10:11:35] Status: SUCCESS | To: ronijo5898@dd2car.com | Subject: Verify your email - Backend Institutions
[2026-09-02 10:11:35] Status: SUCCESS | To: ronijo5898@dd2car.com | Subject: Verify your email - Backend Institutions
[2026-09-02 10:12:30] Status: SUCCESS | To: ronijo5898@dd2car.com | Subject: New Sign-In
[2026-09-02 10:12:30] Status: SUCCESS | To: ronijo5898@dd2car.com | Subject: New Sign-In
[2026-09-02 10:21:07] Status: SUCCESS | To: ronijo5898@dd2car.com | Subject: New Sign-In
[2026-09-02 10:21:07] Status: SUCCESS | To: ronijo5898@dd2car.com | Subject: New Sign-In
[2026-09-02 10:21:24] Status: SUCCESS | To: gakifeb359@dd2car.com | Subject: New Sign-In
[2026-09-02 10:21:24] Status: SUCCESS | To: gakifeb359@dd2car.com | Subject: New Sign-In
[2026-09-02 10:28:23] Status: SUCCESS | To: ronijo5898@dd2car.com | Subject: New Sign-In
[2026-09-02 10:28:23] Status: SUCCESS | To: ronijo5898@dd2car.com | Subject: New Sign-In
[2026-09-02 10:29:16] Status: SUCCESS | To: hiraf59260@fanzher.com | Subject: Verify your email - Backend Institutions
[2026-09-02 10:29:16] Status: SUCCESS | To: hiraf59260@fanzher.com | Subject: Verify your email - Backend Institutions
[2026-09-02 10:29:43] Status: SUCCESS | To: hiraf59260@fanzher.com | Subject: New Sign-In
[2026-09-02 10:29:43] Status: SUCCESS | To: hiraf59260@fanzher.com | Subject: New Sign-In
[2026-09-02 10:30:11] Status: SUCCESS | To: gakifeb359@dd2car.com | Subject: New Sign-In
[2026-09-02 10:30:11] Status: SUCCESS | To: gakifeb359@dd2car.com | Subject: New Sign-In
[2026-09-02 10:47:50] Status: SUCCESS | To: gakifeb359@dd2car.com | Subject: New Sign-In
[2026-09-02 10:47:50] Status: SUCCESS | To: gakifeb359@dd2car.com | Subject: New Sign-In
[2026-09-02 10:49:12] Status: SUCCESS | To: xahora1110@dd2car.com | Subject: Verify your email - Backend Institutions
[2026-09-02 10:49:12] Status: SUCCESS | To: xahora1110@dd2car.com | Subject: Verify your email - Backend Institutions
[2026-09-02 10:49:43] Status: SUCCESS | To: gakifeb359@dd2car.com | Subject: New Sign-In
[2026-09-02 10:49:43] Status: SUCCESS | To: gakifeb359@dd2car.com | Subject: New Sign-In
[2026-09-02 10:50:09] Status: SUCCESS | To: xahora1110@dd2car.com | Subject: New Sign-In
[2026-09-02 10:50:09] Status: SUCCESS | To: xahora1110@dd2car.com | Subject: New Sign-In
[2026-09-02 10:54:48] Status: SUCCESS | To: decib28254@fanzher.com | Subject: Verify your email - Backend Institutions
[2026-09-02 10:54:48] Status: SUCCESS | To: decib28254@fanzher.com | Subject: Verify your email - Backend Institutions
[2026-09-02 10:55:55] Status: SUCCESS | To: gakifeb359@dd2car.com | Subject: New Sign-In
[2026-09-02 10:55:55] Status: SUCCESS | To: gakifeb359@dd2car.com | Subject: New Sign-In
[2026-09-02 11:32:26] Status: SUCCESS | To: gakifeb359@dd2car.com | Subject: New Sign-In
[2026-09-02 11:32:26] Status: SUCCESS | To: gakifeb359@dd2car.com | Subject: New Sign-In
[2026-09-02 11:34:05] Status: SUCCESS | To: najoya8217@dd2car.com | Subject: Verify your email - Backend Institutions
[2026-09-02 11:34:05] Status: SUCCESS | To: najoya8217@dd2car.com | Subject: Verify your email - Backend Institutions
[2026-09-02 11:34:55] Status: SUCCESS | To: najoya8217@dd2car.com | Subject: New Sign-In
[2026-09-02 11:34:55] Status: SUCCESS | To: najoya8217@dd2car.com | Subject: New Sign-In
[2026-09-02 11:52:10] Status: SUCCESS | To: gakifeb359@dd2car.com | Subject: New Sign-In
[2026-09-02 11:52:10] Status: SUCCESS | To: gakifeb359@dd2car.com | Subject: New Sign-In
[2026-09-02 11:52:18] Status: SUCCESS | To: najoya8217@dd2car.com | Subject: New Sign-In
[2026-09-02 11:52:18] Status: SUCCESS | To: najoya8217@dd2car.com | Subject: New Sign-In
[2026-09-02 16:44:23] Status: SUCCESS | To: najoya8217@dd2car.com | Subject: New Sign-In
[2026-09-02 16:44:23] Status: SUCCESS | To: najoya8217@dd2car.com | Subject: New Sign-In
[2026-09-02 16:48:30] Status: SUCCESS | To: tobabi9283@fanzher.com | Subject: Verify your email - Backend Institutions
[2026-09-02 16:48:30] Status: SUCCESS | To: tobabi9283@fanzher.com | Subject: Verify your email - Backend Institutions
[2026-09-02 16:49:43] Status: SUCCESS | To: tobabi9283@fanzher.com | Subject: New Sign-In
[2026-09-02 16:49:43] Status: SUCCESS | To: tobabi9283@fanzher.com | Subject: New Sign-In
[2026-09-02 16:55:28] Status: SUCCESS | To: noxoh76137@fanzher.com | Subject: Verify your email - Backend Institutions
[2026-09-02 16:55:28] Status: SUCCESS | To: noxoh76137@fanzher.com | Subject: Verify your email - Backend Institutions
[2026-09-02 16:56:13] Status: SUCCESS | To: noxoh76137@fanzher.com | Subject: New Sign-In
[2026-09-02 16:56:13] Status: SUCCESS | To: noxoh76137@fanzher.com | Subject: New Sign-In
[2026-09-02 19:19:21] Status: SUCCESS | To: womil28939@fanzher.com | Subject: Verify your email - Backend Institutions
[2026-09-02 19:19:21] Status: SUCCESS | To: womil28939@fanzher.com | Subject: Verify your email - Backend Institutions
[2026-09-02 19:19:54] Status: SUCCESS | To: womil28939@fanzher.com | Subject: New Sign-In
[2026-09-02 19:19:54] Status: SUCCESS | To: womil28939@fanzher.com | Subject: New Sign-In
[2026-09-02 19:20:08] Status: SUCCESS | To: womil28939@fanzher.com | Subject: New Sign-In
[2026-09-02 19:20:08] Status: SUCCESS | To: womil28939@fanzher.com | Subject: New Sign-In
[2026-09-03 09:21:48] Status: SUCCESS | To: ahilcicillin@gmail.com | Subject: New Sign-In
[2026-09-03 09:21:48] Status: SUCCESS | To: ahilcicillin@gmail.com | Subject: New Sign-In
[2026-09-03 09:47:22] Status: SUCCESS | To: ahilcicillin@gmail.com | Subject: New Sign-In
[2026-09-03 09:47:22] Status: SUCCESS | To: ahilcicillin@gmail.com | Subject: New Sign-In
[2026-09-03 10:09:19] Status: SUCCESS | To: gafow77511@dd2car.com | Subject: Verify your email - Backend Institutions
[2026-09-03 10:09:19] Status: SUCCESS | To: gafow77511@dd2car.com | Subject: Verify your email - Backend Institutions
[2026-09-03 10:14:59] Status: SUCCESS | To: ahilcicillin@gmail.com | Subject: New Sign-In
[2026-09-03 10:14:59] Status: SUCCESS | To: ahilcicillin@gmail.com | Subject: New Sign-In
[2026-09-03 10:15:06] Status: SUCCESS | To: gafow77511@dd2car.com | Subject: New Sign-In
[2026-09-03 10:15:06] Status: SUCCESS | To: gafow77511@dd2car.com | Subject: New Sign-In
[2026-09-03 11:06:58] Status: SUCCESS | To: gicib46018@fanzher.com | Subject: Verify your email - Backend Institutions
[2026-09-03 11:06:58] Status: SUCCESS | To: gicib46018@fanzher.com | Subject: Verify your email - Backend Institutions
[2026-09-03 11:08:42] Status: SUCCESS | To: deyico6777@fanzher.com | Subject: Verify your email - Backend Institutions
[2026-09-03 11:08:42] Status: SUCCESS | To: deyico6777@fanzher.com | Subject: Verify your email - Backend Institutions
[2026-09-03 11:09:07] Status: SUCCESS | To: deyico6777@fanzher.com | Subject: New Sign-In
[2026-09-03 11:09:07] Status: SUCCESS | To: deyico6777@fanzher.com | Subject: New Sign-In
[2026-09-03 13:17:43] Status: SUCCESS | To: koyonjjsakkkjass2684@fanzher.com | Subject: Verify your email - Backend Institutions
[2026-09-03 13:17:43] Status: SUCCESS | To: koyonjjsakkkjass2684@fanzher.com | Subject: Verify your email - Backend Institutions
[2026-09-03 15:47:57] Status: SUCCESS | To: gakifeb359@dd2car.com | Subject: New Sign-In
[2026-09-03 15:47:57] Status: SUCCESS | To: gakifeb359@dd2car.com | Subject: New Sign-In
